run,rank,elpd,se,elpd_diff,dse,points_k_gt_0.7,points
real_F5_D1_t1_os_long,0,505.4,14.2,0.0,0.0,9,194
real_F5_D1_os_long,1,504.8,14.4,-0.6,1.0,12,194
real_F5_D1,2,483.1,24.9,-22.3,11.6,10,194
real_F5_D1_t1_long,3,481.7,25.1,-23.7,11.7,11,194
real_F5_D1_w0.1_long,4,481.7,25.4,-23.8,12.0,10,194
real_F5_D1_calib,5,481.5,25.0,-24.0,11.7,12,194
real_F5_D1_long,6,481.0,25.5,-24.4,12.1,11,194
real_F5_D1_w0.02_long,7,478.9,26.1,-26.5,12.7,9,194
real_F3s_D1_pos_w0.1,8,325.3,37.3,-180.1,34.8,12,194
real_F3s_D1_neg_calib,9,324.8,38.0,-180.6,35.4,11,194
real_F3s_D1_neg,10,323.2,37.7,-182.2,35.1,16,194
real_F3_D1,11,321.8,37.7,-183.6,35.1,13,194
real_F3s_D1_pos,12,321.3,37.7,-184.2,35.0,12,194
real_F3s_D1_pos_w0.02,13,320.2,38.9,-185.2,36.1,10,194
real_F3s_D1_pos_w0.01,14,320.0,39.5,-185.4,36.6,12,194
real_F3s_D1_pos_calib,15,319.5,38.2,-185.9,35.5,11,194
real_F5_D0_long,16,283.4,55.3,-222.0,53.2,9,194
real_F2_D1,17,259.7,54.9,-245.7,51.9,13,194
real_F2_D0,18,13.1,82.9,-492.3,81.4,5,194
real_F4_D1,19,-23638.3,3427.2,-24143.7,3419.4,99,194
