group,job,x,y,mu_mean,mu_sd,sigma,r,khat
trotter o1 raw 22-23,db13qorid5ic73eqjkgg,2,0.5327102803738316,0.5282002454203595,0.0019072742852744402,0.013496624346223982,0.3341602194577254,0.028267818904816753
trotter o1 raw 22-23,db13qorid5ic73eqjkgg,8,-0.1962616822429908,-0.19721609115093686,0.010711219452531215,0.015694849076325276,0.06081032721657482,1.0218519235979489
trotter o1 raw 22-23,db13turid5ic73eqjnng,1,-0.6608344549125169,-0.6527169138455915,0.0005029722973701914,0.006274549592840316,-1.2937249035673448,-0.06172703460952262
trotter o1 raw 22-23,db13turid5ic73eqjnng,2,0.5452220726783311,0.5280828589216533,0.0011773847406022309,0.00690278367857627,2.482942325119041,0.09858114509961483
trotter o1 raw 22-23,db13turid5ic73eqjnng,3,0.10995962314939435,0.10201957951137601,0.002131268239144682,0.008187018230531248,0.9698333892073395,0.08175502676534019
trotter o1 raw 22-23,db13turid5ic73eqjnng,4,-0.0864064602960968,-0.07791137537232412,0.0021459025938683936,0.008215912866326934,-1.0339794325947564,0.08986154944534856
trotter o1 raw 22-23,db13turid5ic73eqjnng,5,-0.1546433378196501,-0.14885486540278126,0.002117144004047751,0.008152435917308706,-0.7100297966868029,0.07209636076382597
trotter o1 raw 22-23,db13turid5ic73eqjnng,6,-0.19676985195154786,-0.18002267239559977,0.002145224305988959,0.008093875536555904,-2.0691175049961705,0.10916143071886375
trotter o1 raw 22-23,db13turid5ic73eqjnng,7,-0.19542395693135936,-0.19355103381648386,0.0022265008847451263,0.008095979011168385,-0.23133991729619013,0.07291334966072072
trotter o1 raw 22-23,db13turid5ic73eqjnng,8,-0.2060565275908479,-0.19807600632806288,0.0023501383085323966,0.008078939244165577,-0.9878179574810165,0.08575929157642297
trotter o1 raw 22-23,db13turid5ic73eqjnng,9,-0.1932705248990579,-0.19753443773262302,0.0025077262981355146,0.00809931242114095,0.5264536804921099,0.05683843536104659
trotter o1 raw 22-23,db13turid5ic73eqjnng,10,-0.21238223418573346,-0.1939377081662477,0.002694039634438559,0.00806834141550254,-2.2860368779197255,0.22012608024746308
trotter o1 raw 22-23,db13turid5ic73eqjnng,11,-0.1822341857335127,-0.18840618071570858,0.002906580929603765,0.00811577680605965,0.7604934351555422,0.15743558905654742
trotter o1 raw 22-23,db13turid5ic73eqjnng,12,-0.17281292059219383,-0.1816079342967116,0.0031449657269239746,0.008129015102683783,1.0819285723327317,0.1846413496281656
trotter o1 raw 22-23,db13turid5ic73eqjnng,13,-0.1658142664872139,-0.17396421378968838,0.0034103537800268344,0.008138364658754534,1.0014232151305202,0.1607594991024485
trotter o1 raw 22-23,db13turid5ic73eqjnng,14,-0.159757738896366,-0.16575346368695876,0.0037049657005790927,0.008146123421535499,0.7360218450339283,0.17418752829893974
trotter o1 raw 22-23,db14683id5ic73eqk0lg,1,-0.6771972458485215,-0.6527169138455915,0.0005029722973702017,0.006166158675495967,-3.9701106136327873,0.02497486325740767
trotter o1 raw 22-23,db14683id5ic73eqk0lg,2,0.520048602673147,0.5294679830844554,0.0011624213635591364,0.007080502664029115,-1.3303265118678003,0.009913450791921075
trotter o1 raw 22-23,db14683id5ic73eqk0lg,3,0.10814094775212649,0.10613427051626409,0.00196705861315983,0.008217798885635542,0.24418670544127716,0.12041561884544023
trotter o1 raw 22-23,db14683id5ic73eqk0lg,4,-0.05994329688132839,-0.0725388719398239,0.001949388609319151,0.008254260509804632,1.5259483322017995,0.06767663105744634
trotter o1 raw 22-23,db14683id5ic73eqk0lg,5,-0.1352774402592142,-0.14236712227421852,0.0019131031728575447,0.008196309284075904,0.864984686312208,0.02698949861750662
trotter o1 raw 22-23,db14683id5ic73eqk0lg,6,-0.16565411097610364,-0.17244596644924307,0.0019497685392820894,0.008159718265591748,0.8323639679790895,0.06200686742200105
trotter o1 raw 22-23,db14683id5ic73eqk0lg,7,-0.1859052247873633,-0.18490494096309595,0.002049959053271729,0.008131030793681736,-0.12302054310807736,0.17129840484764164
trotter o1 raw 22-23,db14683id5ic73eqk0lg,8,-0.18536519508572952,-0.1883853173827074,0.002197267221125816,0.00813184073975174,0.37139466864056303,0.07885171352778489
trotter o1 raw 22-23,db14683id5ic73eqk0lg,9,-0.1823950317267449,-0.1868300816723443,0.0023789530095927546,0.008136251288468326,0.5450974642198188,0.025506148712013708
trotter o1 raw 22-23,db14683id5ic73eqk0lg,10,-0.19130552180369903,-0.18225625441240367,0.002586974668282389,0.00812279524817054,-1.1140582908738643,0.23901085685936074
trotter o1 raw 22-23,db14683id5ic73eqk0lg,11,-0.1660591332523288,-0.17578928397822538,0.002817268811714055,0.008159178343415192,1.1925405128261766,0.028119026550011948
trotter o1 raw 22-23,db14683id5ic73eqk0lg,12,-0.17253948967193183,-0.1681018984401652,0.003068787725715439,0.008150352240586635,-0.5444661900216603,0.1296512245409838
trotter o1 raw 22-23,db14683id5ic73eqk0lg,13,-0.14999324962872948,-0.15961966207762424,0.003342664909603882,0.008179542647580255,1.1768888388573289,0.12837743137322144
trotter o1 raw 22-23,db14683id5ic73eqk0lg,14,-0.16727420008100446,-0.15062508174082773,0.003641554517692423,0.008157550318734894,-2.040945834185022,0.3117009826554753
trotter o1 raw 22-23,db1mt1eegvvc73bhsfkg,1,-0.673526069940664,-0.6527169138455915,0.0005029722973702182,0.008475728544264748,-2.4551465972979916,-0.060067803797042796
trotter o1 raw 22-23,db1mt1eegvvc73bhsfkg,2,0.5376846357783109,0.5280549957051532,0.0012110721850328134,0.009514798231531786,1.0120698136556259,0.00368978002191801
trotter o1 raw 22-23,db1mt1eegvvc73bhsfkg,3,0.09329630097209958,0.10193665276146958,0.0021174425016159595,0.011236935198373876,-0.7689242339513,0.01186440585643341
trotter o1 raw 22-23,db1mt1eegvvc73bhsfkg,4,-0.0844590329503849,-0.07801911240957972,0.0022039375986858123,0.01125788497502539,-0.5720364486838901,0.029126011770066053
trotter o1 raw 22-23,db1mt1eegvvc73bhsfkg,5,-0.15970205782098207,-0.1489843370090224,0.002294420511163282,0.011160641187620234,-0.9603140744143062,0.034820683729914134
trotter o1 raw 22-23,db1mt1eegvvc73bhsfkg,6,-0.1902537558389092,-0.18017326353464333,0.002463268728104791,0.011102733561905772,-0.9079288670722109,0.06364052624564683
trotter o1 raw 22-23,db1mt1eegvvc73bhsfkg,7,-0.2180280267642975,-0.19372231273568552,0.0026908366734402704,0.011040660304507462,-2.201472861065108,0.17660700820633526
trotter o1 raw 22-23,db1mt1eegvvc73bhsfkg,8,-0.20414089130160323,-0.19826747111582155,0.002956678846584318,0.011072829034150113,-0.5304353718157485,0.1516099164933953
trotter o1 raw 22-23,db1mt1eegvvc73bhsfkg,9,-0.19858603711652553,-0.19774549438561664,0.0032471459315494802,0.011085061492220914,-0.07582661868847852,0.08146990595908894
trotter o1 raw 22-23,db1mt1eegvvc73bhsfkg,10,-0.2001009973488195,-0.1941676794929458,0.0035541801659507,0.011081761224201157,-0.5354128947405945,0.16961941435133548
trotter o1 raw 22-23,db1mt1eegvvc73bhsfkg,11,-0.18091150107309684,-0.18865431691229367,0.003873589519693376,0.01112158642432944,0.6961970661180861,0.07889526812853064
trotter o1 raw 22-23,db1mt1eegvvc73bhsfkg,12,-0.16904431258679445,-0.1818734211968787,0.004203805472331431,0.011144077156822845,1.1512042163338383,0.12494677898248192
trotter o1 raw 22-23,db1mt1eegvvc73bhsfkg,13,-0.15692463072844343,-0.17424617891043034,0.004545080988228964,0.011165372466238872,1.5513632200235765,0.14924895495378376
trotter o1 raw 22-23,db1mt1eegvvc73bhsfkg,14,-0.16172200479737392,-0.1660509807056848,0.0048989733441566615,0.01115714471384236,0.38800033694464203,0.07326752240191305
trotter o1 raw 142-143,db14d8hb694s73drp710,1,-0.6453002280212821,-0.6503992432520963,0.0012669870904362744,0.00876454728515357,0.5817773656662858,-0.34596887071913146
trotter o1 raw 142-143,db14d8hb694s73drp710,2,0.5274892323283508,0.5203484270911946,0.004198100793443431,0.009653850148202116,0.7396846985951762,0.32137964599889673
trotter o1 raw 142-143,db14d8hb694s73drp710,3,0.025335697998479883,0.015025430297180483,0.004938253059777811,0.011326026181827493,0.9103164283552629,0.21119331942035208
trotter o1 raw 142-143,db14d8hb694s73drp710,4,-0.22472764124651637,-0.20981701991749538,0.003512288506382472,0.011056055266475283,-1.348638458260399,0.08540851103210542
trotter o1 raw 142-143,db14d8hb694s73drp710,5,-0.3151760831010895,-0.31574908742301394,0.0029171137702155795,0.010779653239331654,0.053156099663199216,0.08531395135238153
trotter o1 raw 142-143,db14d8hb694s73drp710,6,-0.3628071953382316,-0.37853568552526473,0.002874502355672399,0.010592473260797097,1.4848741931918956,0.13006991088766326
trotter o1 raw 142-143,db14d8hb694s73drp710,7,-0.43273372181403597,-0.42188396031975417,0.0030045724985936027,0.010261576987757703,-1.057319114520678,0.08480197520612655
trotter o1 raw 142-143,db14d8hb694s73drp710,8,-0.45224220927286546,-0.4549225370705988,0.0031143288503452334,0.01015660978764354,0.26389984982922776,0.2806468542543976
trotter o1 raw 142-143,db14d8hb694s73drp710,9,-0.485685330630859,-0.4817790303099212,0.0031546528533311666,0.009962993448526983,-0.39208098862245766,0.17117796722411274
trotter o1 raw 142-143,db14d8hb694s73drp710,10,-0.5112743856093237,-0.5045522501073583,0.0031593425891123664,0.009802641523012485,-0.6857473555658343,0.24753870929864016
trotter o1 raw 142-143,db14d8hb694s73drp710,11,-0.5165948821890044,-0.5244083628797044,0.003223691297438239,0.009767918300132574,0.7999125761109134,0.29299945972655606
trotter o1 raw 142-143,db14d8hb694s73drp710,12,-0.5376235115277427,-0.5420417266673221,0.0034833931304080715,0.009625856595009537,0.4589944900976053,0.1824804962102109
trotter o1 raw 142-143,db14d8hb694s73drp710,13,-0.5606789967063592,-0.5578891245706102,0.004056934340017092,0.009460940853950564,-0.2948831600172355,0.27686692405425684
trotter o1 raw 142-143,db14d8hb694s73drp710,14,-0.5687864200658728,-0.5722375827042427,0.004988441061568331,0.009400581485784886,0.3671222512765353,0.3082404750223998
trotter o1 raw 22-23,db1o1g6egvvc73bhtrog,14,-0.22558922558922564,-0.2266531463942937,0.010400950994104112,0.025457300666212816,0.04179236514577063,0.09270963103230728
trotter o1 raw 22-23,db1o2h3id5ic73ere1fg,14,-0.20645595158036323,-0.174287075515634,0.009982739779129729,0.025512275982423335,-1.2609175318929629,0.22167752416037254
trotter o1 raw 22-23,db1oc7bid5ic73erehe0,14,-0.20242098184263618,-0.17156422572746619,0.009941314055814592,0.025519389322138906,-1.2091494716294309,0.28915891214148315
trotter o1 raw 22-23,db1od8hb694s73dsjbr0,14,-0.1574697173620458,-0.16702949233361963,0.009519056046329659,0.025744055347897546,0.37133912440700323,0.25273717991446315
trotter o1 raw 22-23,db1oe9eegvvc73bhugeg,14,-0.14516129032258068,-0.1722237230672218,0.009934626802696979,0.025776659176913037,1.0498813115735264,0.012770738198180932
trotter o1 tw 22-23,db147amegvvc73bh41hg,1,-0.6402102142568387,-0.6527169138455914,0.000502972297370212,0.006396744441741604,1.955166366681872,-0.16354707786888187
trotter o1 tw 22-23,db147amegvvc73bh41hg,2,0.49885460180568647,0.5108966111076959,0.000684514744821117,0.0071684377753859175,-1.6798652201959385,0.09216058861194343
trotter o1 tw 22-23,db147amegvvc73bh41hg,3,0.11049723756906071,0.1016106743542262,0.0005065763231730458,0.008200830908733282,1.0836174180071196,-0.1801827254563517
trotter o1 tw 22-23,db147amegvvc73bh41hg,4,-0.06899339711629163,-0.07926602601411607,0.0002564542091935112,0.008233601167339732,1.247647133865671,-0.11103128121319508
trotter o1 tw 22-23,db147amegvvc73bh41hg,5,-0.15119256164937334,-0.15568621314326989,0.0007954800178287607,0.008161175207425994,0.5506132854258203,-0.022207101965947117
trotter o1 tw 22-23,db147amegvvc73bh41hg,6,-0.1738310200781565,-0.1936513471282557,0.001241370837926195,0.008131391820578242,2.437507315775815,0.10512526112459
trotter o1 tw 22-23,db147amegvvc73bh41hg,7,-0.19929928581053769,-0.21454258920603678,0.0016316267554914417,0.00809270965000484,1.8835846156287033,0.12892456794718035
trotter o1 tw 22-23,db147amegvvc73bh41hg,8,-0.23810807168845172,-0.2267280120123252,0.00198627481435861,0.008023049973026972,-1.418420639829682,0.06537868895554987
trotter o1 tw 22-23,db147amegvvc73bh41hg,9,-0.234065489826169,-0.2340167680808446,0.002315851229219908,0.008030917755145153,-0.006066771794959446,0.013609824723967358
trotter o1 tw 22-23,db147amegvvc73bh41hg,10,-0.23797331895970897,-0.23834570744255232,0.002626400417317241,0.00802331454448459,0.04641329724502414,0.12308688302078846
trotter o1 tw 22-23,db147amegvvc73bh41hg,11,-0.2405336208058213,-0.24078509828351613,0.002921659392899354,0.008018260377388495,0.031363096963535654,0.16415572779495258
trotter o1 tw 22-23,db147amegvvc73bh41hg,12,-0.2426896644657054,-0.24196579714585567,0.003204085273635905,0.008013959468932463,-0.09032580245207716,0.10439948893360093
trotter o1 tw 22-23,db147amegvvc73bh41hg,13,-0.23703004985850956,-0.2422793142552488,0.0034753785480080026,0.008025162076812416,0.6541007329815971,0.3295607339556758
trotter o1 tw 22-23,db147amegvvc73bh41hg,14,-0.25293087185015495,-0.2419790557804612,0.0037367683427929625,0.007992969092252845,-1.3701812109230624,0.31042583951275493
trotter o1 tw 142-143,db14dn6egvvc73bh4b80,1,-0.6566447700859019,-0.6503992432520961,0.0012669870904362694,0.008612960932079756,-0.7251312159728748,-0.010072715526416203
trotter o1 tw 142-143,db14dn6egvvc73bh4b80,2,0.5255179383527033,0.5104413843295872,0.0011624754909792692,0.009633953517535364,1.5649394608012543,-0.07354677878489047
trotter o1 tw 142-143,db14dn6egvvc73bh4b80,3,0.10939868620515418,0.10267331272403984,0.000469478232987252,0.011229471205006936,0.5989038449215379,-0.12679711596078996
trotter o1 tw 142-143,db14dn6egvvc73bh4b80,4,-0.0694795351187467,-0.0792586512625077,0.00031087637914050894,0.0112741559382618,0.8673923083299795,0.2972730900246875
trotter o1 tw 142-143,db14dn6egvvc73bh4b80,5,-0.13617988883274373,-0.15642770732875072,0.0007469277860729786,0.011199733374815482,1.8078839753040565,0.37300241720265453
trotter o1 tw 142-143,db14dn6egvvc73bh4b80,6,-0.20161697827185449,-0.19497920838325608,0.001137241954381635,0.011077558592036622,-0.599208736604669,-0.07141425339118918
trotter o1 tw 142-143,db14dn6egvvc73bh4b80,7,-0.21551288529560378,-0.21636925001499943,0.0014853007900391478,0.01104520401515242,0.07753272082805097,0.5447982826574019
trotter o1 tw 142-143,db14dn6egvvc73bh4b80,8,-0.23143001515917117,-0.22899998196475357,0.0018049785620357028,0.01100533186612651,-0.22080508102596283,-0.010035184069362954
trotter o1 tw 142-143,db14dn6egvvc73bh4b80,9,-0.22536634663971689,-0.23669775167561455,0.0021044543236755212,0.011020877106225577,1.028176335393195,0.5369463715955768
trotter o1 tw 142-143,db14dn6egvvc73bh4b80,10,-0.25240020212228387,-0.24140899169102426,0.0023885859357529213,0.01094816531037252,-1.0039317200340665,-0.0313471174958244
trotter o1 tw 142-143,db14dn6egvvc73bh4b80,11,-0.24608388074785248,-0.24420976135302322,0.002660417271629131,0.01096594306387301,-0.17090362259891761,0.1927223592692845
trotter o1 tw 142-143,db14dn6egvvc73bh4b80,12,-0.27084386053562404,-0.2457346550326915,0.0029219577871320533,0.010893468521358168,-2.304978019966967,0.08363953860570514
trotter o1 tw 142-143,db14dn6egvvc73bh4b80,13,-0.2685699848408286,-0.24637773023852816,0.0031745961729756204,0.010900437614009384,-2.0359049230994772,0.08737031112767478
trotter o1 tw 142-143,db14dn6egvvc73bh4b80,14,-0.25644264780192005,-0.24639421053769234,0.003419330946789213,0.01093653307974301,-0.9187954894810182,0.03233555263797268
trotter o2 raw 22-23,db13un9b694s73drokvg,1,0.6998318197107298,0.7062225063657442,0.0009705481756608727,0.005897871470923921,-1.0835581423772267,-0.10130576131602734
trotter o2 raw 22-23,db13un9b694s73drokvg,2,0.037336024217961575,-0.011084448092696845,0.0030977981847782237,0.008231939826510676,5.88202456907204,0.7988641476136231
trotter o2 raw 22-23,db13un9b694s73drokvg,3,-0.2865119408005381,-0.30027339459730684,0.002482840833701486,0.007911472636858817,1.7394301198307274,0.20513608213444248
trotter o2 raw 22-23,db13un9b694s73drokvg,4,-0.3193407332660613,-0.31602331936444705,0.002050588677270155,0.007828559591670592,-0.42375789093362065,-0.13919261700264507
trotter o2 raw 22-23,db13un9b694s73drokvg,5,-0.32189707366296677,-0.31225484908801926,0.001916553710684594,0.007821680880287469,-1.2327560689989678,-0.1369195188753702
trotter o2 raw 22-23,db13un9b694s73drokvg,6,-0.29633366969391184,-0.3057812269271446,0.0019293573655320617,0.007887713065809135,1.1977562006134543,0.09995016223347165
trotter o2 raw 22-23,db13un9b694s73drokvg,7,-0.3037336024217962,-0.2987783720434288,0.002027774125123507,0.007869224835093313,-0.6296973948779881,0.11436160683850392
trotter o2 raw 22-23,db13un9b694s73drokvg,8,-0.2918937100571813,-0.2916412463169234,0.0021805480603673414,0.007898563386732303,-0.03196324798530562,0.13574513270382724
trotter o2 raw 22-23,db13un9b694s73drokvg,9,-0.2949882273797512,-0.2844472947799339,0.0023702177459042186,0.007891020204861588,-1.335813662385902,0.23850898796450387
trotter o2 raw 22-23,db13un9b694s73drokvg,10,-0.2823410696266397,-0.2772067836628487,0.002587293839213128,0.007921295176283805,-0.6481624342396555,0.25350596857771396
trotter o2 raw 22-23,db13un9b694s73drokvg,11,-0.2723847965018501,-0.2699162516031591,0.0028271755886074244,0.0079441032746838,-0.3107392758296569,0.1566905296258132
trotter o2 raw 22-23,db13un9b694s73drokvg,12,-0.2648503195425497,-0.26257105124334923,0.0030882622874419965,0.00796076823778948,-0.28631260590916824,0.12312292779095635
trotter o2 raw 22-23,db13un9b694s73drokvg,13,-0.24413050790447371,-0.25516809971825977,0.003370761608015769,0.008003980351461368,1.37901285724306,0.5158146570371377
trotter o2 raw 22-23,db13un9b694s73drokvg,14,-0.24762865792129157,-0.24770616161205083,0.00367592715748656,0.007996952299610867,0.009691653501929852,0.35315878438046866
trotter o2 raw 22-23,db1mtijid5ic73ercjl0,1,0.6950435111615588,0.7018306367280289,0.0009910963199041758,0.008116204281677274,-0.836243806947038,-0.2885319094860292
trotter o2 raw 22-23,db1mtijid5ic73ercjl0,2,0.01853953840332958,-0.008850302632730971,0.0030769240826751284,0.011277204677317902,2.4287792781796687,0.11522234224581503
trotter o2 raw 22-23,db1mtijid5ic73ercjl0,3,-0.30029007441039224,-0.28924356314141825,0.0025435304896758368,0.010788832766482716,-1.0238838165414856,0.012723616936214802
trotter o2 raw 22-23,db1mtijid5ic73ercjl0,4,-0.33131542439147443,-0.2975785817308897,0.002260549474731359,0.01067677197627793,-3.1598354573407086,0.2555108447376381
trotter o2 raw 22-23,db1mtijid5ic73ercjl0,5,-0.3202169252112498,-0.2875038870688703,0.0022917901086758436,0.010718283058408188,-3.052078207312962,0.22275782900449193
trotter o2 raw 22-23,db1mtijid5ic73ercjl0,6,-0.2949930634380124,-0.27527797021537104,0.002464501798464058,0.0108067363021592,-1.8243336999628843,0.1673134105237096
trotter o2 raw 22-23,db1mtijid5ic73ercjl0,7,-0.2556438390717618,-0.2628714284687965,0.0027080055648290345,0.010928774452838389,0.6613357635135008,0.17055897207451992
trotter o2 raw 22-23,db1mtijid5ic73ercjl0,8,-0.2644721906923949,-0.25059721459762724,0.0029883425580862306,0.01090305765277711,-1.2725766052639251,0.03020465089146887
trotter o2 raw 22-23,db1mtijid5ic73ercjl0,9,-0.25135578257031155,-0.23849751223003218,0.003287827370321481,0.010940922371690767,-1.1752455509189719,0.09129405894682145
trotter o2 raw 22-23,db1mtijid5ic73ercjl0,10,-0.225375204943877,-0.22656762762427568,0.0035971075781928304,0.011009774671005251,0.10830582060311848,0.24195352314072935
trotter o2 raw 22-23,db1mtijid5ic73ercjl0,11,-0.21200655820406092,-0.21479900039437244,0.003911516872761605,0.01104205916444356,0.25289143525904395,0.16021876701921023
trotter o2 raw 22-23,db1mtijid5ic73ercjl0,12,-0.21351998991045523,-0.2031870991916869,0.0042292562532976145,0.011038510644133684,-0.9360765280648984,0.14610730451558873
trotter o2 raw 22-23,db1mtijid5ic73ercjl0,13,-0.15550510783200913,-0.19173189044147926,0.00455043405806672,0.011155380841436375,3.2474716125250223,0.4919940469276312
trotter o2 raw 22-23,db1mtijid5ic73ercjl0,14,-0.16130659603985367,-0.18043690502620588,0.004876528222757898,0.011145447756524023,1.7164235483634436,0.35669348099168763
trotter o2 raw 142-143,db14e5megvvc73bh4br0,1,0.6861054766734279,0.7040708499189059,0.002324481223783091,0.008340156795297777,-2.1540809946890596,0.3017561744771416
trotter o2 raw 142-143,db14e5megvvc73bh4br0,2,-0.053752535496957445,-0.05806262423915452,0.00583884113932229,0.01132374628381189,0.3806239237591086,0.21073063461721242
trotter o2 raw 142-143,db14e5megvvc73bh4br0,3,-0.4018762677484788,-0.38905279527206926,0.004490057039607535,0.010415785934251385,-1.2311574524818631,0.13025953952967917
trotter o2 raw 142-143,db14e5megvvc73bh4br0,4,-0.42317444219066935,-0.43251075094355307,0.0033109651958877933,0.010310067290314185,0.9055526496567861,0.2552333611477961
trotter o2 raw 142-143,db14e5megvvc73bh4br0,5,-0.4538539553752534,-0.4556492326263276,0.0028601486782334705,0.01014602955723285,0.1769438223047725,0.10738661551034095
trotter o2 raw 142-143,db14e5megvvc73bh4br0,6,-0.4799695740365112,-0.4754110116656554,0.0028203753758716077,0.009995004501476216,-0.45608407381733657,-0.046086208119774645
trotter o2 raw 142-143,db14e5megvvc73bh4br0,7,-0.48630831643002015,-0.4938582237521119,0.002940255982715602,0.009956711246300596,0.7582732023987038,0.301848825210333
trotter o2 raw 142-143,db14e5megvvc73bh4br0,8,-0.5157200811359026,-0.5113430083547954,0.0030721032400184874,0.009770344326274967,-0.447995754800192,0.060930722520920085
trotter o2 raw 142-143,db14e5megvvc73bh4br0,9,-0.5322008113590263,-0.5279355504574936,0.00316383953285278,0.009659451032411682,-0.44156348919011756,0.10182074083704694
trotter o2 raw 142-143,db14e5megvvc73bh4br0,10,-0.5405679513184584,-0.5436537083378316,0.0032279297017306827,0.009601307980461379,0.32138923422229154,0.25732502787471656
trotter o2 raw 142-143,db14e5megvvc73bh4br0,11,-0.5512170385395537,-0.5585074714018768,0.0033241029902946577,0.009525465910418036,0.7653623382715109,0.23132546028919948
trotter o2 raw 142-143,db14e5megvvc73bh4br0,12,-0.5760649087221095,-0.5725074138164242,0.0035451174921327638,0.009340207789170092,-0.38087963201522035,0.29425671197229425
trotter o2 raw 142-143,db14e5megvvc73bh4br0,13,-0.6009127789046652,-0.5856654221487348,0.0039865609655026476,0.009142762608536813,-1.6676968886509438,0.45099998911595035
trotter o2 raw 142-143,db14e5megvvc73bh4br0,14,-0.5877281947261663,-0.5979938947425748,0.004707759776946317,0.00924909359292077,1.109914167618103,0.6494368496548482
trotter o2 raw 22-23,db1o1g6egvvc73bhtrog,14,-0.2404040404040404,-0.24301669772344486,0.010336913612021045,0.025369104640450692,0.10298579143541116,0.10603328109937617
trotter o2 raw 22-23,db1o2h3id5ic73ere1fg,14,-0.22394082044384664,-0.19118849440201416,0.009911274856495032,0.025415303689550413,-1.2886852127326258,0.16961733667991735
trotter o2 raw 22-23,db1oc7bid5ic73erehe0,14,-0.19569603227975796,-0.18848926912971556,0.009832065347370286,0.025554218424272183,-0.28201853135908606,0.06073525692029712
trotter o2 raw 22-23,db1od8hb694s73dsjbr0,14,-0.20861372812920614,-0.18398365986770376,0.009437512458989609,0.025500478465518183,-0.9658669069604792,0.017667927779977062
trotter o2 raw 22-23,db1oe9eegvvc73bhugeg,14,-0.17876344086021498,-0.18913695185591692,0.009887489356176024,0.025640215591276095,0.40457971029039913,0.10089126886761836
trotter o2 tw 142-143,db14ek9b694s73drp8m0,1,0.6995173990347981,0.7073076016101965,0.0008239340939610833,0.00821922203847015,-0.9478029111436944,-0.031612687776544794
trotter o2 tw 142-143,db14ek9b694s73drp8m0,2,0.01778003556007108,0.030398455080824727,0.00024120554655946243,0.01135714319350558,-1.1110557739528468,-0.3796543297372713
trotter o2 tw 142-143,db14ek9b694s73drp8m0,3,-0.26212852425704863,-0.25656056484299444,0.0011701406269749581,0.01097996889457732,-0.5071015653608987,0.10389702854861567
trotter o2 tw 142-143,db14ek9b694s73drp8m0,4,-0.26670053340106686,-0.279380816899668,0.0013493789910077995,0.010966290292396515,1.1562965378905958,0.03775194329716109
trotter o2 tw 142-143,db14ek9b694s73drp8m0,5,-0.2801625603251207,-0.2811913412795606,0.0015301607763482284,0.010924526120093559,0.09417167784950221,0.2824219984236465
trotter o2 tw 142-143,db14ek9b694s73drp8m0,6,-0.28803657607315214,-0.27965854404906976,0.001731512371874797,0.010899060502497645,-0.7686930467229023,0.30882095721876385
trotter o2 tw 142-143,db14ek9b694s73drp8m0,7,-0.2512065024130049,-0.2773614350957326,0.0019434118711615191,0.011011616326602169,2.375212857674836,0.20976779310205876
trotter o2 tw 142-143,db14ek9b694s73drp8m0,8,-0.2771145542291084,-0.2748648093191961,0.002159457444093398,0.010934177569093994,-0.20575346391588142,0.3425965250785512
trotter o2 tw 142-143,db14ek9b694s73drp8m0,9,-0.24663449326898668,-0.27232441439892535,0.0023761866961604927,0.011024435521160622,2.3302708860357395,0.2189867651410656
trotter o2 tw 142-143,db14ek9b694s73drp8m0,10,-0.24739649479298953,-0.2697892658515529,0.0025916909377655447,0.01102231648633158,2.031584838480355,0.24362409518967532
trotter o2 tw 142-143,db14ek9b694s73drp8m0,11,-0.23876047752095503,-0.2672757082280406,0.002804874672579202,0.01104592366027984,2.581516184981787,0.2968748653285344
trotter o2 tw 142-143,db14ek9b694s73drp8m0,12,-0.26263652527305065,-0.26478901293984686,0.003015086748093803,0.010978461644761447,0.19606459779574392,0.28470950735875233
trotter o2 tw 142-143,db14ek9b694s73drp8m0,13,-0.2875285750571502,-0.2623304800505874,0.003221931215023353,0.010900726695518729,-2.311597722830871,0.7093471437756637
trotter o2 tw 142-143,db14ek9b694s73drp8m0,14,-0.25069850139700295,-0.25989997318440333,0.0034251656613469676,0.011013053134752064,0.835505983201399,0.24055159928542716
probe X t1 22-23,db1n87jid5ic73erd450,2,-0.04466301601002113,-0.053727500276860934,0.001845472568953309,0.01907057719168449,0.47531252859993695,-0.08235370887898952
probe X t1 22-23,db1n87jid5ic73erd450,4,-0.0801660919091432,-0.1074470969457328,0.0034712828854610287,0.01912689207798221,1.4263166710703632,-0.02664407835995137
probe X t1 22-23,db1n87jid5ic73erd450,8,-0.22258429368514754,-0.21516915838927328,0.006275866475576881,0.018180089724632146,-0.40787121560943207,0.3012737255214695
probe X t1 22-23,db1n87jid5ic73erd450,12,-0.29366680963150665,-0.3238120676286291,0.009207642352488098,0.01776145101951334,1.6972294641920882,0.4097166473563546
probe X t1 142-143,db1n8l2vog1s73fid2kg,2,-0.23805607715569138,-0.20264117521842104,0.002502250629546781,0.01764540311868587,-2.0070327494964912,-0.1617096040454343
probe X t1 142-143,db1n8l2vog1s73fid2kg,4,-0.43274892278670063,-0.40559765045671214,0.004930779611512002,0.016387499447846853,-1.6568282681807058,0.04396925493653612
probe X t1 142-143,db1n8l2vog1s73fid2kg,8,-0.8294153903155767,-0.8128954158234244,0.00972324428000084,0.016652260459411157,-0.992055975368549,0.3441719638200825
probe X t1 142-143,db1n8l2vog1s73fid2kg,12,-1.1774826084780794,-1.2219189971573656,0.014788827671741797,0.022092331177322514,2.0113942853119617,0.9433241367974049
probe X t1 22-23,db1o1g6egvvc73bhtrog,12,-0.3594511737381723,-0.323812067628629,0.009207642352488051,0.027178830499701174,-1.3112818121418035,0.19061091826767312
probe X t1 22-23,db1o2h3id5ic73ere1fg,12,-0.35495199382987214,-0.3238120676286292,0.009207642352488056,0.027178830499701174,-1.1457419480056483,0.17451942646075153
probe X t1 22-23,db1oc7bid5ic73erehe0,12,-0.3307189238074608,-0.3238120676286291,0.009207642352487968,0.027178830499701174,-0.25412632007501473,0.12668692624359718
probe X t1 22-23,db1od8hb694s73dsjbr0,12,-0.32846186302796476,-0.3238120676286292,0.009207642352488062,0.027178830499701174,-0.17108151137653013,0.11232575386006644
probe X t1 22-23,db1oe9eegvvc73bhugeg,12,-0.31955275573753633,-0.3238120676286292,0.009207642352488044,0.027178830499701174,0.15671431819480958,0.16518620958543823
probe Z t0 22-23,db1458rid5ic73eqjvi0,2,-0.04151300066116577,-0.055723058165724204,0.0030276162730686414,0.01637851824350426,0.8676033627275188,0.010192075116349843
probe Z t0 22-23,db1458rid5ic73eqjvi0,4,-0.12593259134486195,-0.11068033318497615,0.005291218120813995,0.016525495481013206,-0.9229531530482502,0.02881200067584099
probe Z t0 22-23,db1458rid5ic73eqjvi0,8,-0.249383920973675,-0.21782282809520503,0.008439515197160075,0.016024458325972664,-1.9695575498683393,0.5681902819770306
probe Z t0 22-23,db1458rid5ic73eqjvi0,12,-0.30014689368219616,-0.320214670335464,0.012834596968308808,0.015650270604211293,1.2822638765024428,0.8691059769139735
probe Z t0 22-23,db1n87jid5ic73erd450,2,-0.12128542710704471,-0.06613621071189472,0.0035043868630289673,0.018568997206795158,-2.969962016848631,0.09499794357399019
probe Z t0 22-23,db1n87jid5ic73erd450,4,-0.15028678983552116,-0.1315066382773172,0.006280293609756177,0.018959585895228212,-0.9905359569551874,0.09057524977657073
probe Z t0 22-23,db1n87jid5ic73erd450,8,-0.2756224219707449,-0.2594754382798871,0.010428988742153637,0.018577034607056227,-0.8691905910927608,0.30803107064570856
probe Z t0 22-23,db1n87jid5ic73erd450,12,-0.3626848776461222,-0.38269358561248706,0.015149756472157935,0.017974033371301417,1.1132007798712935,0.8382052986789085
probe Z t0 142-143,db1n8l2vog1s73fid2kg,2,-0.02690861738276566,-0.03213331796924204,0.003591673569201033,0.01888041029131775,0.27672600890876836,-0.08816497820087611
probe Z t0 142-143,db1n8l2vog1s73fid2kg,4,-0.04659117131822433,-0.062328921129614016,0.006168547155800764,0.018999230483761884,0.8283361699749019,0.025141524080751175
probe Z t0 142-143,db1n8l2vog1s73fid2kg,8,-0.12479610611938613,-0.11712172404683972,0.009868308530993021,0.019216163766424755,-0.39937118385488535,0.49554947977995045
probe Z t0 142-143,db1n8l2vog1s73fid2kg,12,-0.16246510249532586,-0.165420752021016,0.014434694343046195,0.019897568025657602,0.1485432552299236,0.48304909424604003
probe Z t0 22-23,db1o1g6egvvc73bhtrog,12,-0.06480587854319206,-0.08000802471514641,0.02666790265455588,0.028065096711647947,0.5416744623454249,0.6915593739531302
probe Z t0 22-23,db1o2h3id5ic73ere1fg,12,-0.2711845117456547,-0.2538203384919706,0.024575957619905043,0.028065096711647947,-0.6187106152560492,0.9052022048467453
probe Z t0 22-23,db1oc7bid5ic73erehe0,12,-0.27363437845014904,-0.26272016124706604,0.025108813670961055,0.028065096711647947,-0.3888893494727647,0.8011529091227908
probe Z t0 22-23,db1od8hb694s73dsjbr0,12,-0.2861339703958467,-0.27758619922125377,0.022936768595124175,0.028065096711647947,-0.30456945373878824,0.8073061789868335
probe Z t0 22-23,db1oe9eegvvc73bhugeg,12,-0.24069603406324405,-0.26056520698722335,0.025589800926450443,0.028065096711647947,0.7079673777048858,0.7991545740948177
probe Z t1 22-23,db1458rid5ic73eqjvi0,2,0.01821660818529105,0.01807935415408636,0.0034943157515848265,0.015995590829961066,0.008580741572083283,0.1780515212104506
probe Z t1 22-23,db1458rid5ic73eqjvi0,4,0.02518359160283176,0.03672544733695626,0.005708981141933337,0.01591586787330469,-0.7251791624560661,-0.0860751813355687
probe Z t1 22-23,db1458rid5ic73eqjvi0,8,0.04533080028744535,0.07564428068152532,0.00711003269123355,0.01606921590871254,-1.8864318312908053,0.3041952332265002
probe Z t1 22-23,db1458rid5ic73eqjvi0,12,0.13943114721473976,0.11663982202873395,0.009939336781011473,0.015922761662278764,1.4313676025182676,0.6211898507856927
probe Z t1 22-23,db1n87jid5ic73erd450,2,0.014130957061749369,0.018079354154086364,0.0034943157515848274,0.018423975125392174,-0.21430755661927,-0.11233957916472967
probe Z t1 22-23,db1n87jid5ic73erd450,4,0.06585349532504683,0.03672544733695626,0.0057089811419333385,0.018311158370116633,1.5907266705544316,0.24429210360869683
probe Z t1 22-23,db1n87jid5ic73erd450,8,0.0677045785782244,0.0756442806815253,0.0071100326912335535,0.01863332204296708,-0.4261023388632749,0.10531282898223669
probe Z t1 22-23,db1n87jid5ic73erd450,12,0.10261002166777515,0.11663982202873392,0.009939336781011434,0.01864187342896172,-0.7525960528818062,0.3828990274981075
probe Z t1 142-143,db1n8l2vog1s73fid2kg,2,-0.025566433490748098,-0.0004695974832368485,0.006498418145209684,0.018411583968530317,-1.3631003204508414,0.1725278177871236
probe Z t1 142-143,db1n8l2vog1s73fid2kg,4,-0.025600874557537463,-0.004910678371530593,0.010465423577597437,0.018436381196512135,-1.1222482311182156,0.49037276878251235
probe Z t1 142-143,db1n8l2vog1s73fid2kg,8,-0.004761868769161186,-0.02491355409651407,0.01231070020055852,0.018629402030617113,1.0817140182080967,0.6658026982183123
probe Z t1 142-143,db1n8l2vog1s73fid2kg,12,-0.06515489824762552,-0.057028850683839,0.01805523227746561,0.01869412725270949,-0.4346845110198325,0.920347656140556
