,mean,sd,eti89_lb,eti89_ub,ess_bulk,ess_tail,r_hat,mcse_mean,mcse_sd
delta_job[0],0.00038890299681722804,0.0006978365456145926,-0.0006220958708737376,0.001481321736355451,483.39880042531064,656.6817001282302,1.0052628044820666,2.976386582597067e-05,4.3782015090188866e-05
delta_job[1],-0.00016617929540368358,0.0016582533676405273,-0.002544145374037592,0.002072132530998002,1545.820430920632,544.9383817372542,1.0014630417727939,4.765676782177852e-05,0.00016433684572891353
delta_job[2],0.00010874348722644362,0.0006889516530383448,-0.0008695752410380784,0.001148941904162557,608.4730647786605,658.8289396191466,1.0052636544271025,2.6805633044868318e-05,4.4452566801055656e-05
delta_job[3],0.0001557925695630047,0.0015903782057853336,-0.0020080462888180744,0.0023875209755231984,1575.583205665865,577.6532638018148,1.0248979167552523,4.8940199916118344e-05,0.0002223036098301686
delta_job[4],-0.0004872597582029929,0.0009056001978821836,-0.0019107721288252404,0.0008477998083290896,244.22744708125714,368.86249169771287,1.0131301378498787,5.733572410697621e-05,4.3473429700448985e-05
delta_job[5],-0.0015777385125169611,0.001017364913480174,-0.0033483437245483546,-0.00012784548914976927,1041.2495541747558,770.8972623388399,1.0064600994757407,3.149472404634556e-05,3.540015785510451e-05
delta_job[6],-3.4550512269624756e-06,0.00028392619870684275,-0.0004445761421122665,0.00044184790804144427,1224.246677708157,939.3572945277199,1.0044405927801925,8.109955449686524e-06,7.722928155715881e-06
delta_job[7],0.0009037746926067131,0.0002760555280019878,0.0004671664582273915,0.0013394049749463535,1095.8637336187817,946.797513352478,1.00499010160398,8.32532302896138e-06,7.889028785544446e-06
delta_job[8],-0.0006727584827531437,0.0003305657186613766,-0.0012040127575500851,-0.00015603491385017152,1245.8322944808504,833.6388095123021,1.0087898738499625,9.395443553222174e-06,9.51722921771675e-06
delta_job[9],-0.0009734837030654317,0.0002831864914403913,-0.0014240550978765092,-0.000531257014454078,1250.5688041816793,653.3333465405249,1.0000767189120667,8.061303650183439e-06,7.537077121241747e-06
delta_job[10],-0.0002093027404421378,0.0015911986898821532,-0.0023673930256187786,0.0019139123406818313,1085.8561721861272,528.9659427094549,1.0177649432275553,5.260913110468295e-05,0.00013734626766342262
delta_job[11],0.0005250012071362292,0.0003109226829617585,3.232143618125215e-05,0.0010281240323816666,1240.500797424628,1074.2095761267706,1.001141149433873,8.838963555438379e-06,7.320322305060136e-06
delta_job[12],-0.00023143257353660656,0.0002911074899322176,-0.0006971373857356702,0.00022506311271104225,1185.1068131213688,926.9510016402623,1.006528603990023,8.463947981137776e-06,9.107980434458401e-06
delta_job[13],-0.000958304196186612,0.00036413702320447155,-0.001553763141146654,-0.0004159237512905973,1057.5074305880398,822.9824975569154,1.0076441061221537,1.108719664877629e-05,1.0122542529569772e-05
delta_job[14],0.005041912746963696,0.00046749622652747264,0.0043215849879033345,0.005781073795290905,1210.600128910625,1005.1840316162015,1.0036343230424867,1.3471745671587255e-05,1.3969458600001647e-05
delta_job[15],0.0010453917587387232,0.0004642906242749479,0.0003270553398418763,0.001774552885192083,1259.4232133574787,879.7460533337528,1.0008772600059055,1.3057319890501097e-05,1.1665648204645952e-05
delta_job[16],-0.0011177888971856933,0.00042846560389562534,-0.0018029048361662555,-0.00045091036141354986,1257.6210868708208,967.2359832518183,1.0026630302553963,1.2071162659846586e-05,1.1796374059193068e-05
delta_job[17],-0.00022613144209710154,0.00042967735751304434,-0.0008918218733281611,0.00045282069030307554,1257.3530069971534,966.2763090899168,0.9994240311631493,1.2141860314007633e-05,1.4335237392432434e-05
delta_job[18],-0.001545684806434711,0.00047648745817322234,-0.002273363486046907,-0.000791764843449164,1156.4907165393295,746.7889360403233,0.9988983668379658,1.3948063984059661e-05,1.6830327672983317e-05
p[0],0.0045822327485164575,0.000573308563883944,0.0036656885558741656,0.005466794511194877,136.32168870295862,235.5348375633453,1.0106316153263155,4.987774148484787e-05,3.0317217176570664e-05
p[1],0.002969136512402742,0.0007635157463958637,0.0013856923483923473,0.003991316725010326,50.41674499304349,62.64943028482553,1.061749366217076,0.00011933783274618313,6.103467041917697e-05
sigma_drift,0.0010500844050684865,0.00034049771245887834,0.0006139034812393052,0.001657809628928889,182.52161386888923,290.6210281806874,1.0175586784437785,2.3938048582903746e-05,1.4243007181738078e-05
"theta[0, 0]",0.017460648000102323,0.000824598462043443,0.016115553929195586,0.01870032688346389,746.1625882803321,928.8845410221481,1.0028610904965654,3.0407955340166742e-05,2.0460351430597748e-05
"theta[0, 1]",7.040002004549448e-05,0.0017895307122768789,-0.0027349251967264264,0.0028584514675443354,865.7683623322354,764.2432259963856,1.0136538686667678,6.0777203447517396e-05,5.638775843905625e-05
"theta[0, 2]",0.000625735047580487,0.01673230808532589,-0.025806654610954428,0.027747391603481678,124.68623289785614,192.9571796598014,1.0401695418609362,0.001494109522309452,0.0006237021663837458
"theta[0, 3]",0.0,0.0,0.0,0.0,1200.0,1200.0,,0.0,
"theta[0, 4]",0.0,0.0,0.0,0.0,1200.0,1200.0,,0.0,
"theta[0, 5]",0.0,0.0,0.0,0.0,1200.0,1200.0,,0.0,
"theta[0, 6]",0.0,0.0,0.0,0.0,1200.0,1200.0,,0.0,
"theta[0, 7]",0.0,0.0,0.0,0.0,1200.0,1200.0,,0.0,
"theta[0, 8]",0.0,0.0,0.0,0.0,1200.0,1200.0,,0.0,
"theta[0, 9]",0.0,0.0,0.0,0.0,1200.0,1200.0,,0.0,
"theta[0, 10]",0.0,0.0,0.0,0.0,1200.0,1200.0,,0.0,
"theta[0, 11]",-0.016659951952954517,0.00029466770352810776,-0.01712343296013705,-0.016196232105603846,953.5611850584373,796.6599447147275,1.0063769849818733,9.669579616374779e-06,8.160721254109138e-06
"theta[0, 12]",-0.010396692375639146,0.0008289278084736601,-0.01169076877971572,-0.00904276502800912,714.5875293668289,807.462369174944,1.0038583231139266,3.123401329414219e-05,2.107918175326109e-05
"theta[0, 13]",-0.00012371772976216953,0.001671429684719654,-0.0026905925519811616,0.002652499439935307,1473.3702302120569,845.7375454575123,1.0073426251526094,4.381320559333758e-05,4.9936871033258e-05
"theta[0, 14]",-0.0008328906544035157,0.016759265520629264,-0.027877493661230542,0.025923739813003055,124.61803487025493,192.33852940236233,1.0402811778561931,0.0014969179938827612,0.0006247119245632906
"theta[1, 0]",0.03312582833049532,0.0014496686666631284,0.03069761876419072,0.035351022555243694,768.0239550251734,733.0130642756993,1.0036305721663745,5.233099608451027e-05,3.545661529036534e-05
"theta[1, 1]",-0.0012432677952489623,0.003039229112902527,-0.006050019705921283,0.0037580698066743802,797.9440954887638,679.3589168689593,1.0027424776796066,0.00010821513281402241,8.054296014048024e-05
"theta[1, 2]",-0.006038473395085173,0.021816601853567597,-0.03661692585282637,0.03248472098443407,20.855441304606586,17.146673915296656,1.1410424106692605,0.004960035348790793,0.002992287715237473
"theta[1, 3]",0.0,0.0,0.0,0.0,1200.0,1200.0,,0.0,
"theta[1, 4]",0.0,0.0,0.0,0.0,1200.0,1200.0,,0.0,
"theta[1, 5]",0.0,0.0,0.0,0.0,1200.0,1200.0,,0.0,
"theta[1, 6]",0.0,0.0,0.0,0.0,1200.0,1200.0,,0.0,
"theta[1, 7]",0.0,0.0,0.0,0.0,1200.0,1200.0,,0.0,
"theta[1, 8]",0.0,0.0,0.0,0.0,1200.0,1200.0,,0.0,
"theta[1, 9]",0.0,0.0,0.0,0.0,1200.0,1200.0,,0.0,
"theta[1, 10]",0.0,0.0,0.0,0.0,1200.0,1200.0,,0.0,
"theta[1, 11]",-0.010786147737442305,0.00094901108006398,-0.012203788399300216,-0.009337223261542509,259.4707519560426,310.98927061108157,1.015287604149877,5.77228567096703e-05,3.568705213317158e-05
"theta[1, 12]",-0.0030877116464384756,0.0014579283942892556,-0.005237738601881592,-0.0006722582194304235,775.488852298423,744.9961651829342,1.0038140728000948,5.2315724439426304e-05,3.830031205978143e-05
"theta[1, 13]",-0.0003262803199001922,0.002711359265531347,-0.004401262040009905,0.0041671215979013744,773.5782485968757,704.1696596366642,1.004813754395187,9.789075970265716e-05,6.94450953147728e-05
"theta[1, 14]",0.0064054618649493945,0.022006408450856964,-0.03270397024817736,0.03718809897329722,20.942991083389394,16.771381037739236,1.1409286384012856,0.004996897403169929,0.0029907004809217263
