n_qubits,order,p,n_steps,infidelity,local_err
4,1,0.001,2,0.9126340654106155,0.45661974589058235
4,1,0.001,3,0.5750385854055999,0.04647066330937982
4,1,0.001,4,0.2851308613984429,0.021731558129097828
4,1,0.001,5,0.1700192910058551,0.012191848904116759
4,1,0.001,6,0.11959457938248119,0.007426077570168915
4,1,0.001,7,0.09515609687573978,0.004618715326634132
4,1,0.001,8,0.08273713195161303,0.0027658890189834195
4,1,0.001,9,0.07655171642536196,0.0014383156723019597
4,1,0.001,10,0.07389546195805896,0.00042576302023247803
4,1,0.001,11,0.07337685573580599,0.000385425210182172
4,1,0.001,12,0.07422315295335535,0.0010614124153789095
4,1,0.001,13,0.07597806983024336,0.001642984095925365
4,1,0.001,14,0.07835832996833059,0.00215645673771675
4,1,0.001,15,0.08118059654604282,0.0026194573037783553
4,1,0.001,16,0.08432199041530697,0.0030441667386870153
4,2,0.001,2,0.9170837074739931,0.02821581566768183
4,2,0.001,3,0.2687311736426391,0.06285224230759368
4,2,0.001,4,0.10042500956508738,0.03688980623326549
4,2,0.001,5,0.05603969727640279,0.024245267102295076
4,2,0.001,6,0.04387586315453251,0.017441871419838884
4,2,0.001,7,0.041631410949086955,0.013453095594578746
4,2,0.001,8,0.04305850897454899,0.010966795963723297
4,2,0.001,9,0.04604337398425851,0.00935161759318287
4,2,0.001,10,0.04975735367118839,0.008275199813182532
4,2,0.001,11,0.05383668462055513,0.007549453361870573
4,2,0.001,12,0.058106901601917005,0.0070615484109399496
4,2,0.001,13,0.06247818286816598,0.006740501151040301
4,2,0.001,14,0.06690152966947482,0.006539853833537029
4,2,0.001,15,0.07134889968595615,0.006428171203313876
4,2,0.001,16,0.07580358665978237,0.006383569684726753
4,1,0.005,2,0.9133960310276754,0.44841785520349925
4,1,0.005,3,0.5965044319453474,0.042347505028596605
4,1,0.005,4,0.3368718390649421,0.01745737869228975
4,1,0.005,5,0.24576601098804784,0.007054286981899693
4,1,0.005,6,0.215716612580221,0.00134014030444643
4,1,0.005,7,0.20961465107224908,0.002419303590649652
4,1,0.005,8,0.21421081235654738,0.005209451146813537
4,1,0.005,9,0.22406841022752533,0.007454794955730509
4,1,0.005,10,0.23667098683710242,0.009364450025498822
4,1,0.005,11,0.250738423774018,0.011052058281145943
4,1,0.005,12,0.2655699257582935,0.012584112288614446
4,1,0.005,13,0.28075931577155677,0.014001825014314712
4,1,0.005,14,0.296060553942185,0.01533195608768595
4,1,0.005,15,0.31131953432861725,0.016592564018851758
4,1,0.005,16,0.3264373838053075,0.017796242047450728
4,2,0.005,2,0.9186690138538224,0.0267944392589807
4,2,0.005,3,0.30948229419076256,0.06328520813797034
4,2,0.005,4,0.167729646491512,0.039102635985130085
4,2,0.005,5,0.14385722532927114,0.02790068726604794
4,2,0.005,6,0.14966377046832546,0.022357368980361392
4,2,0.005,7,0.16409352159920498,0.019518690484478185
4,2,0.005,8,0.18134044449107534,0.01810834047471996
4,2,0.005,9,0.19947289568930937,0.017514222288192327
4,2,0.005,10,0.2177513797254803,0.017415237480593593
4,2,0.005,11,0.2358628768176576,0.017630370788350058
4,2,0.005,12,0.2536660367196082,0.01805150784224807
4,2,0.005,13,0.27109528927690585,0.01861096963705114
4,2,0.005,14,0.2881210557604692,0.019264716323361325
4,2,0.005,15,0.304731874963987,0.019983149137443368
4,2,0.005,16,0.3209258293136452,0.020745826088323954
4,1,0.02,2,0.916077897753651,0.4185300251173632
4,1,0.02,3,0.6665096427811393,0.028047287308204827
4,1,0.02,4,0.4972643223725689,0.0029350881299872733
4,1,0.02,5,0.46919539701418667,0.009757798897168907
4,1,0.02,6,0.4857436872895917,0.017838965027887566
4,1,0.02,7,0.516061467756994,0.023798451426436384
4,1,0.02,8,0.5499124333704645,0.028579555498674525
4,1,0.02,9,0.5835138713967036,0.032607229888921674
4,1,0.02,10,0.6153914293779166,0.036101429223532544
4,1,0.02,11,0.6449974274579192,0.03918895175535303
4,1,0.02,12,0.6721871091641161,0.041949491238534586
4,1,0.02,13,0.6969988077271319,0.0444368428411161
4,1,0.02,14,0.7195541053082304,0.04668955770775057
4,1,0.02,15,0.7400097783725106,0.04873668224007768
4,1,0.02,16,0.7585337634135947,0.050601031752715214
4,2,0.02,2,0.9238748702685958,0.022010443330605645
4,2,0.02,3,0.4419003080179206,0.06476245744843151
4,2,0.02,4,0.37588083896204694,0.04638989337996824
4,2,0.02,5,0.40237035046819447,0.039538914419146115
4,2,0.02,6,0.44628663038659444,0.03749064736048019
4,2,0.02,7,0.4913770812699627,0.037576660144716056
4,2,0.02,8,0.5338014397953695,0.038668409696101996
4,2,0.02,9,0.5726710936217339,0.0402393602448175
4,2,0.02,10,0.6079323508936527,0.042023522475383296
4,2,0.02,11,0.6397875108233323,0.043878613597039845
4,2,0.02,12,0.6685128141271713,0.04572566544243287
4,2,0.02,13,0.6943952139496289,0.04752010582319899
4,2,0.02,14,0.7177094106687519,0.049236947208886994
4,2,0.02,15,0.7387098427015617,0.05086276744708926
4,2,0.02,16,0.7576285989500992,0.05239116278665826
