order,n_steps,z_backend_model,z_hardware_corrected,z_sem,z_trotter_noiseless,z_exact,noise_part_model,noise_part_hw
1,1,-0.6523613079841977,-0.6608344549125169,0.006274549592840316,-0.6536436208636125,-0.2959488130631411,0.0012823128794148264,-0.007190834048904415
1,2,0.5129436953294481,0.5452220726783311,0.00690278367857627,0.517257470367571,-0.2959488130631411,-0.004313775038122913,0.027964602310760145
1,3,0.10407646766891804,0.10995962314939435,0.008187018230531248,0.10609456271545503,-0.2959488130631411,-0.002018095046536994,0.0038650604339393185
1,4,-0.0803710959608746,-0.0864064602960968,0.008215912866326934,-0.08179537429016812,-0.2959488130631411,0.0014242783292935102,-0.0046110860059286884
1,5,-0.15933677210833372,-0.1546433378196501,0.008152435917308706,-0.16345778156444948,-0.2959488130631411,0.004121009456115765,0.008814443744799394
1,6,-0.1993195186950996,-0.19676985195154786,0.008093875536555904,-0.205772204081705,-0.2959488130631411,0.0064526853866054,0.009002352130157126
1,7,-0.2219377309874125,-0.19542395693135936,0.008095979011168385,-0.2305266240243973,-0.2959488130631411,0.00858889303698479,0.03510266709303794
1,8,-0.23566888913138645,-0.2060565275908479,0.008078939244165577,-0.24627691693056614,-0.2959488130631411,0.010608027799179687,0.04022038933971825
1,9,-0.24437835154881657,-0.1932705248990579,0.00809931242114095,-0.256929105964409,-0.2959488130631411,0.012550754415592419,0.06365858106535108
1,10,-0.2500347290624839,-0.21238223418573346,0.00806834141550254,-0.2644749752000083,-0.2959488130631411,0.01444024613752437,0.05209274101427483
1,11,-0.25372765670841313,-0.1822341857335127,0.00811577680605965,-0.27001835708624167,-0.2959488130631411,0.016290700377828538,0.08778417135272898
1,12,-0.2561005446948512,-0.17281292059219383,0.008129015102683783,-0.2742118646983437,-0.2959488130631411,0.01811132000349247,0.10139894410614986
1,13,-0.2575534591392547,-0.1658142664872139,0.008138364658754534,-0.27746180321723785,-0.2959488130631411,0.019908344077983142,0.11164753673002395
1,14,-0.2583458884145593,-0.159757738896366,0.008146123421535499,-0.2800320478164065,-0.2959488130631411,0.021686159401847205,0.12027430892004051
2,1,0.7084175577881042,0.6998318197107298,0.005897871470923921,0.7136249915478461,-0.2959488130631411,-0.005207433759741864,-0.013793171837116258
2,2,0.032422736936957186,0.037336024217961575,0.008231939826510676,0.029990685342117462,-0.2959488130631411,0.0024320515948397237,0.007345338875844112
2,3,-0.2580232805799752,-0.2865119408005381,0.007911472636858817,-0.26513153827922503,-0.2959488130631411,0.007108257699249831,-0.02138040252131307
2,4,-0.28221668909116887,-0.3193407332660613,0.007828559591670592,-0.2909748774521669,-0.2959488130631411,0.00875818836099801,-0.028365855813894447
2,5,-0.28508147006529927,-0.32189707366296677,0.007821680880287469,-0.2953759980830464,-0.2959488130631411,0.010294528017747107,-0.026521075579920395
2,6,-0.28450641140308697,-0.29633366969391184,0.007887713065809135,-0.29637168886874093,-0.2959488130631411,0.011865277465653967,3.801917482909589e-05
2,7,-0.2831179619413583,-0.3037336024217962,0.007869224835093313,-0.2965859127230076,-0.2959488130631411,0.013467950781649307,-0.007147689698788595
2,8,-0.28149580308754296,-0.2918937100571813,0.007898563386732303,-0.296588029117764,-0.2959488130631411,0.015092226030221034,0.004694319060582708
2,9,-0.2798016795947993,-0.2949882273797512,0.007891020204861588,-0.2965321899602846,-0.2959488130631411,0.016730510365485285,0.0015439625805333534
2,10,-0.2780875035519658,-0.2823410696266397,0.007921295176283805,-0.29646526292301456,-0.2959488130631411,0.01837775937104874,0.014124193296374876
2,11,-0.27637123653295276,-0.2723847965018501,0.0079441032746838,-0.29640184813418874,-0.2959488130631411,0.02003061160123598,0.024017051632338637
2,12,-0.2746591695940447,-0.2648503195425497,0.00796076823778948,-0.2963459438845743,-0.2959488130631411,0.02168677429052962,0.03149562434202463
2,13,-0.27295331572842063,-0.24413050790447371,0.008003980351461368,-0.29629795755019406,-0.2959488130631411,0.023344641821773426,0.05216744964572034
2,14,-0.2712540815093052,-0.24762865792129157,0.007996952299610867,-0.2962571429003033,-0.2959488130631411,0.025003061390998116,0.04862848497901173
