calibrated_jst,T1_us_q22,T2_us_q22,readout_err_q22,T1_us_q23,T2_us_q23,readout_err_q23,T1_us_q142,T2_us_q142,readout_err_q142,T1_us_q143,T2_us_q143,readout_err_q143,cz_err_22_23,cz_err_142_143
2026-06-08T10:45:26+09:00,130.90766977950935,96.8913787544908,0.004150390625,128.30995676821658,137.52288971445972,0.0037841796875,213.56307286633483,247.41138678643222,0.0107421875,183.39543806080064,172.85230852807794,0.010986328125,0.0025736727320196107,0.0019690838011783562
2026-06-09T11:03:07+09:00,132.3668567798001,111.48282464807725,0.005615234375,247.56091494911178,226.97285573725844,0.009521484375,209.4274252604017,241.32837935353314,0.004638671875,187.15666187069928,178.4271231529413,0.004638671875,0.0015702554344283193,0.00208054926935064
2026-06-10T11:49:14+09:00,164.75537259455615,131.65926075506118,0.003662109375,129.0102428309764,110.0364333739194,0.0078125,195.9520057614255,229.84453376382828,0.0072021484375,182.7023697674281,168.92179026201126,0.0057373046875,0.001687470758917342,0.002116176894031596
2026-06-11T10:26:30+09:00,156.60897079595293,115.9271482710515,0.00634765625,235.60106115471794,205.52741405758024,0.0050048828125,130.3229197027518,169.673578288431,0.0096435546875,227.53848678777206,163.94436866164966,0.0081787109375,0.0018022544265545726,0.0019416321962845984
2026-06-12T11:17:17+09:00,147.41332496955658,105.87382720523172,0.00390625,95.81242729615222,84.11149177462119,0.004638671875,93.26225520547753,102.48949999265021,0.0078125,110.50488152620116,86.85599682953107,0.008056640625,0.0016811446595186852,0.0021919226838781336
2026-06-13T11:27:52+09:00,120.42106376848214,109.81839794168019,0.00537109375,277.7660409130492,216.5114344326946,0.00634765625,177.36880770797052,195.69901190861398,0.0089111328125,159.9885006661505,168.84571672426833,0.005126953125,0.0016399740078573144,0.0018768588430442823
2026-06-14T11:01:41+09:00,171.3834172436811,138.5607222993787,0.0045166015625,277.7660409130492,34.18884235780173,0.0040283203125,173.3175392927319,205.8493850173518,0.006103515625,121.97637599527238,114.64931156107174,0.0052490234375,0.0018665337382283154,0.0019222724280679726
2026-06-15T11:16:00+09:00,170.8682817490824,136.12540612280475,0.00244140625,125.1072172957606,126.07254350258798,0.004638671875,177.3746249383106,199.48628631105188,0.003662109375,225.58436394205407,199.6834582657917,0.004150390625,0.0016580060636067206,0.00187343110289373
2026-06-16T11:42:33+09:00,99.95508774046455,98.02163578555304,0.0028076171875,187.4932007167842,168.07302472411044,0.0147705078125,99.41991667040068,123.95703734535883,0.005859375,152.6907944621419,155.63276283181696,0.0059814453125,0.001824347506173496,0.002238584345531369
2026-06-17T11:28:55+09:00,156.2430078617227,132.57692095988583,0.004638671875,95.73520775090832,119.38857205963153,0.0052490234375,230.0053329481577,247.698992733098,0.0059814453125,213.28598015268653,177.17722337368804,0.0057373046875,0.0018594275240622904,0.0016591185634833583
2026-06-18T11:23:01+09:00,160.99736035330653,128.27648880355375,0.0072021484375,146.16729067107147,131.29772536451364,0.003662109375,94.21104702161297,99.31617848227465,0.0067138671875,176.00358024158007,170.17032395160072,0.0052490234375,0.0019476860111231897,0.0021619335250422367
2026-06-19T03:34:29+09:00,192.42231711287843,136.07421001829164,0.001708984375,109.44591125150993,118.85700940111413,0.0048828125,212.43773005383932,263.01659756240747,0.007568359375,245.89518502345,168.28875388252732,0.008544921875,0.0019476860111231897,0.0021619335250422367
2026-06-20T11:46:19+09:00,147.74911531539124,119.09431579573521,0.00439453125,177.63472863935942,170.0533761248441,0.0078125,73.49051763549912,115.38433011107445,0.0064697265625,245.89518502345,70.86277967706552,0.0189208984375,0.001860138328903943,0.002041163910604271
2026-06-21T10:56:49+09:00,181.69035001587653,136.26366803232818,0.0040283203125,216.3641735683409,179.04615771439643,0.00390625,169.881782465142,187.8581441401009,0.00634765625,103.87706140457853,118.813551695505,0.007080078125,0.0015466466401434509,0.002180722903265625
2026-06-22T11:45:37+09:00,137.11915610834822,114.86118048112078,0.00244140625,190.56533060741666,139.06801736881926,0.0069580078125,143.48019928284694,165.0853823000947,0.008056640625,229.16333313539027,216.97776170571353,0.004638671875,0.0017894647760408333,0.002075833892022455
2026-06-23T10:47:15+09:00,150.54406548495714,127.4233770601199,0.0037841796875,190.56947074608885,219.71400514392695,0.00341796875,233.80824828697007,254.09871344341028,0.007080078125,121.88789866327379,111.45815991990688,0.0169677734375,0.001684412743731517,0.002483283658218677
2026-06-24T11:12:30+09:00,161.4078451527761,118.4064722921114,0.003662109375,202.39550728047416,129.1090698085115,0.0048828125,129.43953745700108,164.61436563777326,0.00927734375,205.2889105643045,148.26923142648354,0.00732421875,0.0017665027540420264,0.002718352785131495
2026-06-25T11:43:00+09:00,139.54533517353892,114.39599666864851,0.005126953125,173.98461384391388,166.0377469328033,0.0054931640625,218.77443191843736,255.80406216130675,0.0054931640625,168.62217372155368,145.5563845877376,0.006103515625,0.0017859484956125882,0.002395451055775183
2026-06-26T11:37:48+09:00,140.01090950955634,122.33473638077096,0.002685546875,178.15504852481422,174.14729321808036,0.005615234375,156.71859599207832,190.13010356088722,0.0050048828125,127.45602945828243,141.71323418617712,0.0057373046875,0.0020014234055327207,0.001996129720836959
2026-06-27T10:56:12+09:00,159.09495695719224,130.83904201513383,0.0048828125,226.0639100091913,202.58913987394558,0.0029296875,96.42763647490544,102.400631924533,0.009033203125,195.7468093657858,59.907071237504276,0.0838623046875,0.0015286498413804583,0.0022226827502846436
2026-06-30T01:17:05+09:00,117.82991593098971,87.24705135016836,0.00537109375,192.4384118544587,188.8510143728469,0.00732421875,155.6655168518076,180.37751312979782,0.00537109375,184.98869982324143,157.9074843502896,0.0069580078125,0.0015286498413804583,0.0022226827502846436
2026-07-01T06:40:08+09:00,117.82991593098971,28.609647545361963,0.013671875,157.18787485380741,103.63566275356916,0.004150390625,125.85541697556508,151.0795282522018,0.007080078125,126.19679199536064,126.21797379555557,0.00439453125,0.002189273729824276,0.001989036384721893
2026-07-02T05:04:27+09:00,198.04223236013118,135.1298115747384,0.005126953125,80.50658566290532,105.85566855806319,0.00830078125,222.10360364108865,244.71382873385397,0.005126953125,188.45274120125524,176.23433797257707,0.008544921875,0.002189273729824276,0.001989036384721893
2026-07-03T11:48:51+09:00,145.5405428294235,138.08089401871524,0.005126953125,171.10020724118388,190.14075839361396,0.005615234375,136.87826211418914,175.52146005973395,0.0068359375,155.13670413683738,141.26562663172658,0.004638671875,0.0019918745648798697,0.003889458717866806
2026-07-04T11:31:15+09:00,145.5405428294235,138.08089401871524,0.003662109375,171.10020724118388,190.14075839361396,0.0048828125,136.87826211418914,175.52146005973395,0.005615234375,155.13670413683738,141.26562663172658,0.069091796875,0.0031734706331948692,0.0020202416624510444
2026-07-05T11:49:02+09:00,152.55523617845063,131.60799617579423,0.012451171875,226.9217829411641,207.20649652696977,0.01025390625,227.40499821280906,256.0799983230923,0.0048828125,122.18883480333582,138.31098156071565,0.01220703125,0.001779030745957394,0.002140977544735523
2026-07-06T03:59:51+09:00,130.13694495731733,103.37292762150436,0.003173828125,194.7359632419704,138.85495760062378,0.0050048828125,214.22888299453714,196.7689778009536,0.00732421875,168.51769621681976,164.52652706428822,0.004150390625,0.0018658735597849863,0.0017595308774318308
2026-07-08T11:20:05+09:00,173.6552263723326,130.99928284382148,0.0054931640625,272.68862928269414,240.09355733752366,0.00439453125,130.17972181175122,169.70772269884625,0.007568359375,176.3903777828651,171.3429291290706,0.0069580078125,0.0018834242251734024,0.0025516699372989116
2026-07-09T11:27:47+09:00,88.0820643056118,67.2662116735932,0.004150390625,224.34112291901818,199.32407773833856,0.0037841796875,166.39259715369747,212.08301127135596,0.0074462890625,190.32905884639607,173.91723685080015,0.01318359375,0.0018197075527257023,0.002286370115553743
2026-07-10T11:26:19+09:00,121.5528717133639,118.15382587493092,0.00341796875,153.4783139885658,141.9918806887556,0.007080078125,194.81852391249214,237.10144206565445,0.00537109375,176.59358756486344,179.12384288204044,0.0107421875,0.001666243498857134,0.0016384377779989912
2026-07-11T11:36:04+09:00,144.43107115114907,140.2486761409077,0.0054931640625,285.05162722615546,175.86061286447654,0.0059814453125,169.16917874343292,191.39775041962739,0.0130615234375,187.70880263950534,163.59773591741566,0.0218505859375,0.0018286680058599292,0.001983978736050107
2026-07-12T11:33:48+09:00,165.69648743528484,107.64676428607589,0.00244140625,221.63256434275493,207.10969679811336,0.0491943359375,199.64679813139304,236.41579589919215,0.009521484375,138.92893435939914,144.2648397417002,0.007080078125,0.0017054509841257226,0.0019781921892548793
2026-07-13T11:39:48+09:00,204.37433720701353,159.14879540941251,0.008544921875,215.20055227203062,178.3084431863884,0.0029296875,223.09604701369233,249.73156452712638,0.0078125,170.36273358298567,155.9855878740669,0.0050048828125,0.002562564329462974,0.0021778324247166136
2026-07-14T11:48:22+09:00,212.2461701261506,149.56344465488954,0.0042724609375,154.33313909204534,152.63307590042868,0.005615234375,180.26671500133816,208.56240329911842,0.006591796875,216.76904973128288,189.3016485464356,0.0147705078125,0.001721727070897322,0.0019036725289898748
2026-07-15T11:14:13+09:00,219.17932591051604,162.80686261711813,0.003173828125,224.1739141778096,187.5462531340095,0.005615234375,173.1165066753345,191.27368316852508,0.00341796875,180.19147450021342,190.15417746237256,0.01416015625,0.0017977451416209544,0.0023074177658364003
2026-07-16T11:29:45+09:00,203.1306556211795,132.79913521901926,0.00439453125,165.05190712634823,160.08584566069123,0.0048828125,173.1165066753345,112.48339649110123,0.004150390625,164.3457509622875,163.3124779054608,0.006591796875,0.0017977451416209544,0.0023074177658364003
2026-07-16T12:00:13+09:00,203.1306556211795,132.79913521901926,0.00439453125,165.05190712634823,160.08584566069123,0.0048828125,173.1165066753345,112.48339649110123,0.004150390625,164.3457509622875,163.3124779054608,0.006591796875,0.0017977451416209544,0.0023074177658364003
2026-07-18T10:59:41+09:00,138.94122145329712,133.75601071513242,0.0030517578125,137.52543124351544,140.71931759498116,0.00390625,165.72539715245506,197.54538796179062,0.0057373046875,100.63587607602831,77.7684824961653,0.0067138671875,0.0023675224416696283,0.002033135159681093
2026-07-19T09:45:45+09:00,222.0103627935899,138.9391743669678,0.0028076171875,132.68958079008414,129.41311829300207,0.0068359375,159.16575754960357,193.75308088860356,0.005126953125,184.44611538745556,157.01278000211389,0.005615234375,0.0018648959979844781,0.002308532452366563
2026-07-20T09:36:06+09:00,66.46408375931976,69.92857693972009,0.0048828125,242.42573821021526,208.21226763636557,0.0037841796875,168.72988070415911,234.1193500827638,0.0137939453125,115.6754127166346,129.21922182620128,0.056640625,0.0018648959979844781,0.002308532452366563
2026-07-21T10:42:27+09:00,146.0245908447195,122.68142178789408,0.005126953125,240.95391518328339,203.7327525316932,0.003173828125,83.94847732663727,119.58635004451529,0.0040283203125,212.90426861355064,178.26920706739102,0.005859375,0.002065645431476304,0.002105027671447851
2026-07-22T11:37:16+09:00,177.83622643851243,128.87171245816018,0.00341796875,141.43045957491094,46.57124651271209,0.004150390625,83.80352944239048,119.42726542764277,0.008544921875,190.4873337866104,197.0205859331768,0.006103515625,0.002171958095628451,0.002133689931088728
2026-07-23T09:07:00+09:00,177.83622643851243,128.87171245816018,0.004150390625,141.43045957491094,46.57124651271209,0.0037841796875,83.80352944239048,119.42726542764277,0.0042724609375,190.4873337866104,197.0205859331768,0.005859375,0.002171958095628451,0.002133689931088728
2026-07-24T11:25:51+09:00,177.83622643851243,128.87171245816018,0.003173828125,141.43045957491094,46.57124651271209,0.046630859375,83.80352944239048,119.42726542764277,0.0078125,190.4873337866104,197.0205859331768,0.0029296875,0.002171958095628451,0.002133689931088728
2026-07-25T11:45:48+09:00,85.92957413772173,79.39897752899158,0.0025634765625,101.80571790166857,90.988355355178,0.0040283203125,239.44579504711626,233.23825168379548,0.00439453125,181.9183067711714,190.7426709087792,0.00439453125,0.0018874523449260716,0.0022754499923570426
2026-07-26T11:11:48+09:00,153.31629417790356,101.47715822653593,0.005615234375,142.16985533418423,131.24853845941107,0.0057373046875,152.35907122081676,187.80643922040412,0.00537109375,160.59849792234056,182.0056490748441,0.0489501953125,0.0020706519083131536,0.0018334163731482112
2026-07-27T11:08:21+09:00,153.31629417790356,20.472909213998342,0.0032958984375,210.06398332793427,171.76024286941814,0.00390625,203.51590847488131,250.93730795196964,0.005859375,224.20680530873338,189.55040445034166,0.005615234375,0.0019092088934885565,0.002473960968338018
2026-07-28T11:11:31+09:00,182.05991971291246,137.20529869253014,0.004150390625,221.77960554619642,186.80030600714497,0.0030517578125,133.3434846503339,201.05822092625218,0.0057373046875,243.76503081298654,198.44208874724464,0.0035400390625,0.0018825223971067617,0.002338888431278857
2026-07-29T11:41:27+09:00,147.28156625695314,115.42185317799076,0.003173828125,108.71536389528991,129.02718625100832,0.0078125,201.7345171108332,191.19829960152867,0.005859375,46.792805416837204,58.98545159826129,0.0069580078125,0.002129735973007779,0.001931629239847854
2026-07-30T11:48:48+09:00,136.81523520855464,135.89309342493303,0.0023193359375,108.71536389528991,37.742626343822444,0.00390625,113.04897227037215,183.54518128032404,0.004638671875,174.07434321843368,148.64040275935577,0.005859375,0.0017597961472576862,0.002012191576326594
2026-07-31T10:48:35+09:00,136.81523520855464,135.89309342493303,0.003173828125,108.71536389528991,37.742626343822444,0.004150390625,113.04897227037215,183.54518128032404,0.003662109375,174.07434321843368,148.64040275935577,0.0123291015625,0.0017623904359407305,0.001964973097693501
2026-08-01T11:46:02+09:00,152.0995004887129,146.03399755990617,0.005859375,150.20449352134264,180.66002361534686,0.0057373046875,210.68172926443287,235.42113398182315,0.004638671875,187.46776812304904,159.1883289726258,0.0208740234375,0.0017623904359407305,0.001964973097693501
2026-08-02T11:39:22+09:00,133.4584667637926,120.32281402408373,0.0047607421875,213.0248699983961,210.53593412288083,0.006103515625,173.1066618879578,192.10033689939652,0.0028076171875,148.84931662379086,162.74808156721008,0.004150390625,0.0015664864044671045,0.0021527510575665987
2026-08-03T11:06:27+09:00,158.3003807142643,149.00379356480823,0.004150390625,206.46356999674083,186.5449052381874,0.005615234375,143.13888718234287,161.42822760344828,0.0045166015625,145.31373597824307,114.03721761289151,0.005615234375,0.0026559631602318945,0.0019376836348984905
2026-08-04T09:52:30+09:00,150.59019407265788,124.1515400128668,0.0037841796875,252.04893670294942,236.31921032100507,0.0054931640625,203.0802596623387,209.3839377430493,0.0069580078125,148.9388004302737,172.1370089115706,0.0050048828125,0.0022016029736879605,0.001995554295223634
2026-08-05T10:16:07+09:00,139.5317423166344,119.82670746342549,0.0028076171875,107.93532911434491,126.85269942771913,0.0067138671875,206.03220067565664,206.2465803060883,0.00830078125,79.74345107128968,94.75817812457615,0.0208740234375,0.0016486542812612914,0.0020893458308773316
2026-08-06T11:13:25+09:00,100.33807469234988,100.28620381178614,0.0035400390625,86.35196521112074,101.86741386636719,0.0028076171875,113.2566008770752,119.47301555737583,0.00341796875,180.5506483332949,208.03214390440954,0.0125732421875,0.002311144106839913,0.002697880328141833
2026-08-06T21:29:47+09:00,210.46852995033788,146.67665273810982,0.0040283203125,234.7066699870403,140.91760284908347,0.006591796875,215.11882842144905,220.13579534630452,0.0042724609375,181.91183261029764,167.62650677691738,0.0030517578125,0.002311144106839913,0.002697880328141833
2026-08-07T12:21:59+09:00,210.46852995033788,146.67665273810982,0.00244140625,234.7066699870403,140.91760284908347,0.00439453125,215.11882842144905,220.13579534630452,0.0394287109375,181.91183261029764,167.62650677691738,0.0040283203125,0.0031375719031716542,0.0020346966995571647
2026-08-10T23:02:35+09:00,101.61755780948755,116.23697831896243,0.0042724609375,24.06813076088878,28.750227990962994,0.0052490234375,155.17040077555785,182.8699470388826,0.0068359375,81.83330115505754,105.37094127507383,0.0372314453125,0.0018095040372433369,0.0025639349542484757
2026-08-13T10:36:48+09:00,148.73849941054814,119.05109136546326,0.003662109375,125.96389343682095,126.2506958174994,0.0089111328125,156.99353824332766,199.50888456911906,0.00341796875,193.6231343909555,197.79645102780955,0.008056640625,0.0013776760123548892,0.002249102685569826
2026-08-14T10:38:07+09:00,123.58304949933535,83.83286991808845,0.0015869140625,184.8066538066584,176.51356163266803,0.0062255859375,182.36952836770138,188.451502828812,0.0057373046875,34.13593605651551,51.20334845532936,0.0076904296875,0.0017859675844234535,0.0023163415688372824
2026-08-15T05:18:59+09:00,108.76426204972074,114.77209095338213,0.0037841796875,154.26872770092115,105.4556123485437,0.0108642578125,137.8682468299692,191.49418379074802,0.0037841796875,135.70877947848405,146.70999088427791,0.007568359375,0.0017918800521989076,0.003453729900619068
2026-08-18T11:30:34+09:00,153.40074936065577,128.7907546989442,0.01025390625,98.08329806451476,100.31870806156142,0.005859375,215.28322330359234,247.81221880524572,0.0040283203125,165.99497536584352,152.5622345081765,0.0068359375,0.0018931942848690042,0.002009649488540488
2026-08-19T11:21:43+09:00,194.40947826207835,151.75344921859983,0.010498046875,152.3064759258221,172.99653288763952,0.018798828125,66.16789467395009,81.77308829194301,0.004638671875,184.8154881286234,74.90590307594256,0.0068359375,0.0018188374691703313,0.002144562611202633
2026-08-20T11:17:24+09:00,161.36930192279976,140.1557050725902,0.006103515625,211.84538916823377,167.22050185590277,0.006103515625,220.96175475780632,256.27655618152,0.0062255859375,164.64740976753117,153.40885388439233,0.004638671875,0.0017051814189313064,0.0020613989165269575
2026-08-21T11:06:18+09:00,144.9465957891424,127.16844236919175,0.006591796875,248.1912149963477,185.47852623734877,0.00634765625,215.11701813080484,230.16276120553314,0.003173828125,160.2097101960341,147.14642726851656,0.005859375,0.0016346965178482276,0.0030320054338605074
2026-08-22T10:44:47+09:00,157.94243895338155,137.63732349234655,0.006103515625,112.65032936383328,115.36050092207702,0.00634765625,203.14280946345355,221.27518510848319,0.005615234375,156.8862919118045,164.4283001375284,0.02490234375,0.0016346965178482276,0.0030320054338605074
2026-08-23T10:56:01+09:00,35.73211916370061,61.20970981330979,0.0045166015625,138.51434184699374,145.0948849652226,0.004638671875,203.14280946345355,19.677038696931266,0.0076904296875,132.10277410179282,136.1350147805774,0.019775390625,0.001836305281060352,0.002483834335705787
2026-08-24T11:46:06+09:00,29.16716076097221,37.48344949469096,0.0048828125,188.40656148100587,178.469021331093,0.00927734375,154.82451251080207,164.32804519531288,0.006103515625,117.03206139789461,123.36364408907629,0.017822265625,0.0016808676469010908,0.0021365615343670596
2026-08-25T09:15:00+09:00,29.16716076097221,37.48344949469096,0.004150390625,188.40656148100587,178.469021331093,0.005615234375,154.82451251080207,164.32804519531288,0.00439453125,117.03206139789461,123.36364408907629,0.0040283203125,0.0016221448102539393,0.0027269980934785387
2026-08-26T11:30:37+09:00,230.75392725948416,160.47855371898515,0.007080078125,230.54029523846785,202.99760746860014,0.00390625,128.1024469902034,184.9967720266718,0.00830078125,149.54570864934504,166.0684092288335,0.005615234375,0.0016221448102539393,0.0027269980934785387
2026-08-27T11:39:44+09:00,182.36138858199817,143.3803824490097,0.004150390625,177.98925516602304,184.41525578916657,0.002197265625,148.08006542192928,164.13845651118112,0.00634765625,143.1691743144425,144.66146437733943,0.01318359375,0.0018964703427135077,0.003037214898072932
2026-08-28T11:47:16+09:00,182.36138858199817,143.3803824490097,0.0078125,177.98925516602304,184.41525578916657,0.0048828125,148.08006542192928,164.13845651118112,0.00537109375,143.1691743144425,144.66146437733943,0.006591796875,0.0029160036670070333,0.0039503411339061045
2026-08-29T11:06:22+09:00,186.9033337782474,157.92433247419387,0.00341796875,237.0290770941567,222.5579419002874,0.005615234375,192.8360299794764,165.98975292866783,0.005859375,118.4477764468931,137.9454799488768,0.00537109375,0.0019179057870678529,0.003109267307643604
2026-08-30T11:06:36+09:00,108.51242061324814,63.83517047823941,0.0040283203125,251.95478253102763,206.75754546675222,0.010009765625,197.24578058907653,208.84384814785895,0.005859375,189.33593750053765,181.41191413782218,0.0067138671875,0.0018933765388775559,0.0023802214477100236
2026-08-31T11:48:21+09:00,151.25042214876316,82.93475021796232,0.0078125,194.78318313224855,185.04065074729758,0.00732421875,117.83674044425783,133.60486784678042,0.00927734375,154.9706504722605,142.79235621110521,0.005859375,0.0018396554003266008,0.003257438578300964
2026-09-01T11:26:09+09:00,179.33714049556332,148.2013542579906,0.003662109375,268.93339498798855,239.9336730811419,0.009033203125,150.12842300449722,146.60489889047113,0.00439453125,171.05542146219733,160.3166780477643,0.0048828125,0.002281924266160279,0.0018439945445030692
2026-09-02T11:43:34+09:00,179.33714049556332,148.2013542579906,0.0030517578125,268.93339498798855,239.9336730811419,0.009765625,150.12842300449722,146.60489889047113,0.0072021484375,171.05542146219733,160.3166780477643,0.0106201171875,0.0016150603025551213,0.0021752122285977893
2026-09-03T11:23:57+09:00,96.83397575718101,94.4764363058418,0.0025634765625,224.3415340525455,195.30659223588972,0.0059814453125,201.88565370026353,238.54428863055492,0.006591796875,191.752144811712,182.39958874766614,0.00732421875,0.001910562730190385,0.002096550416622739
2026-09-04T11:31:29+09:00,231.29361426027774,162.3924094325874,0.0108642578125,197.8168926410356,188.79979198279108,0.00439453125,155.23993219581837,190.9507780210731,0.0059814453125,174.98347498957622,174.46601998799716,0.0068359375,0.0017594603365269634,0.0021555359158716425
2026-09-05T11:23:57+09:00,117.92897101363802,112.77835247884144,0.0037841796875,229.6680427419662,210.7919015903931,0.0057373046875,113.65665881862965,153.74030315632288,0.0067138671875,131.3598958439345,138.256332528889,0.0079345703125,0.0016565659656907206,0.001897853698514751
2026-09-06T04:28:43+09:00,112.98297322279205,105.18478142411405,0.003173828125,127.97580915593281,34.221306561814046,0.003662109375,170.87011697676198,223.21820494681396,0.004638671875,126.63757750588532,138.86500852977957,0.0052490234375,0.0017945106936061994,0.001956037420565687
2026-09-07T11:09:15+09:00,150.35952559149683,137.87278198815503,0.002197265625,113.05096666187116,114.68488693714562,0.0062255859375,188.4272824503599,245.23938106318255,0.0062255859375,109.41993324383182,91.522615545215,0.004150390625,0.002302153398196588,0.0017687886773056216
2026-09-08T11:26:14+09:00,150.35952559149683,57.446461963441195,0.0047607421875,109.04061153765667,139.78572111161805,0.0048828125,113.71520052822741,151.70628038019652,0.0048828125,145.81706795853646,156.0946457692583,0.0048828125,0.0018034866514945735,0.001860018715065942
2026-09-09T10:33:38+09:00,201.47025355655805,136.64147931418904,0.0035400390625,250.24887622369312,137.07660749759128,0.0072021484375,219.86003429303537,193.79231009440858,0.0123291015625,211.7629465250245,196.7498738782487,0.005615234375,0.0018339038653391593,0.002548128115035103
2026-09-10T11:26:51+09:00,142.06259329034518,123.87652669355846,0.0042724609375,166.76209832901702,172.48653233874126,0.0059814453125,208.365140582925,193.52223646516546,0.00537109375,73.57006502326429,89.27629742971051,0.0098876953125,0.002779197923637816,0.0022166795516869175
2026-09-11T11:36:11+09:00,106.22629793662679,93.94625634741509,0.00341796875,187.7732467041499,172.48653233874126,0.0029296875,185.46867580952005,222.86645360572834,0.005615234375,189.37886971399564,195.58515230831182,0.004150390625,0.002779197923637816,0.0022166795516869175
2026-09-12T11:29:51+09:00,125.46108537176252,128.94961370135724,0.0029296875,192.69293120941686,152.44745806693277,0.0029296875,147.99711000991067,127.28655037002022,0.00634765625,165.05851313703897,173.17765598721797,0.0048828125,0.0019201041286796006,0.0021093660295219696
2026-09-13T11:14:38+09:00,90.23746536998617,120.04903696337988,0.003173828125,186.08054095446602,148.9452389804616,0.0029296875,172.1520149454623,165.53237155601266,0.006103515625,116.68365717263427,89.20347626551322,0.0068359375,0.0017014890204007926,0.0020318903303166713
2026-09-14T11:34:34+09:00,182.52980509201439,148.28150057063175,0.008056640625,126.36917208682107,128.68698855376812,0.004150390625,52.23923631613178,184.2782749802788,0.00537109375,88.86440097681158,97.77382456066265,0.0078125,0.001519508547649151,0.0022253061510295324
2026-09-15T11:38:35+09:00,182.52980509201439,148.28150057063175,0.004638671875,126.36917208682107,128.68698855376812,0.00537109375,52.23923631613178,184.2782749802788,0.005126953125,88.86440097681158,97.77382456066265,0.032470703125,0.0018946704569666462,0.002130847916035933
2026-09-16T11:02:27+09:00,181.28677468731584,138.33296117713928,0.002685546875,114.46278208276811,105.12691233177468,0.00390625,137.24250370090087,169.42166098496315,0.00830078125,155.54877143461593,165.14232406436614,0.008056640625,0.0023856494710900455,0.003284399571522101
2026-09-17T11:32:49+09:00,111.73340350636623,87.98083076259495,0.0035400390625,217.2512829499383,187.29572852213747,0.0411376953125,108.01249329424095,146.5672051880611,0.0050048828125,135.36248341465307,124.77853754669496,0.0057373046875,0.0016594163056647682,0.001822927403820368
2026-09-18T10:07:35+09:00,111.73340350636623,87.98083076259495,0.0035400390625,217.2512829499383,187.29572852213747,0.0411376953125,108.01249329424095,146.5672051880611,0.0050048828125,135.36248341465307,124.77853754669496,0.0057373046875,0.0017978196544103098,0.002763100208743652
2026-09-19T11:27:21+09:00,67.39026342416027,82.06395642920226,0.003662109375,198.19229275612324,211.53339603374278,0.011962890625,193.02287938264834,236.60253405817534,0.00439453125,82.18962662025308,88.80651672810626,0.0045166015625,0.0015807302355747843,0.003669855310862391
2026-09-20T11:17:54+09:00,169.00209198195762,136.21784949026735,0.0087890625,138.26907678250598,130.87043920663717,0.004638671875,170.6346549616448,215.03282253128842,0.006103515625,90.71637641539684,102.3872743753413,0.0045166015625,0.0015547847676163629,0.0020357771502252653
2026-09-21T11:30:10+09:00,80.08670700575797,76.79708730149551,0.0035400390625,138.26907678250598,74.23473294436444,0.00341796875,132.29511812082322,187.45795234468983,0.005859375,130.59445916996788,154.45478324041645,0.006103515625,0.0016610494900612394,0.0019213780780655831
2026-09-22T11:20:53+09:00,143.10250854509874,107.05639471730342,0.008544921875,181.1907644583807,52.19889379631831,0.004150390625,200.26593130577083,233.53146662228886,0.0045166015625,157.5649327526369,156.3819577181094,0.0068359375,0.0017829700272079252,0.0018182999253501253
2026-09-22T23:00:30+09:00,174.70413404152114,136.38264232869687,0.00341796875,151.45291884980182,125.69207645134352,0.003662109375,151.49633682173507,265.0540388099523,0.006591796875,151.16428470258384,115.61272954151909,0.007080078125,0.00296867937875378,0.0018852014610384604
2026-09-24T11:05:45+09:00,100.85150419360707,98.2899032629633,0.007568359375,167.23987699326264,170.29791654872798,0.00439453125,167.7812592472747,207.18745270592032,0.00341796875,200.68808311335326,145.78766953060762,0.00634765625,0.001664823614048988,0.0019749262541279566
2026-09-25T11:19:03+09:00,158.34029762799167,136.94562473538002,0.00341796875,146.23284988763393,154.6305468969009,0.06689453125,199.502718917828,238.88315321967656,0.004638671875,149.66257684055486,102.5862550230301,0.004150390625,0.001664823614048988,0.0019749262541279566
2026-09-26T11:45:28+09:00,93.99608509635766,85.63421339829348,0.006591796875,203.31946965269188,188.33823982588052,0.054443359375,158.59781150527004,217.27270890923603,0.003662109375,78.58113917131114,92.14806760442423,0.00537109375,0.001883278831271984,0.0020513949586813407
2026-09-27T11:40:04+09:00,118.56401318227002,85.22481827436509,0.003173828125,203.31946965269188,52.59646215814095,0.006591796875,199.4046005281265,176.90489235841034,0.005126953125,101.61590262606381,128.69086986311683,0.005615234375,0.002969638046699058,0.0018817571406365696
2026-09-28T10:46:20+09:00,187.25013157416643,161.2206203329563,0.00732421875,177.8301818334509,183.66637646175982,0.003662109375,126.40073317776623,158.995483385947,0.007080078125,134.86896095660452,121.80857776274318,0.004638671875,0.0019795614392508487,0.0027105630066871222
2026-09-29T11:26:26+09:00,141.76677006403634,133.55592460215922,0.0037841796875,156.24338904823531,131.09060685466608,0.0030517578125,126.40073317776623,86.31362872732718,0.0042724609375,86.83536160086933,111.41806808266337,0.0054931640625,0.0019795614392508487,0.0027105630066871222
2026-09-30T11:46:03+09:00,207.47826060165198,149.23235789642402,0.005615234375,233.57942890023062,208.06903739038168,0.0091552734375,120.29791210205339,178.20361151138718,0.005615234375,149.10016907186068,153.56762393046222,0.0118408203125,0.001801673426335304,0.0018108016224445411
2026-10-01T11:37:07+09:00,152.33941961025408,137.25015064965444,0.00390625,212.57928852455245,143.038487013609,0.00537109375,164.93390799979298,204.04979100539896,0.0068359375,90.75263130915177,101.12977296492329,0.0037841796875,0.0017442383024016128,0.0020061619621235816
2026-10-02T11:15:24+09:00,152.33941961025408,96.85431150652342,0.006103515625,107.38842594750973,122.43188117457427,0.0048828125,236.96408782149337,265.9266941376269,0.005126953125,151.46623771425803,134.8246702814534,0.00634765625,0.0016473526026844487,0.00255921262133052
2026-10-03T11:29:10+09:00,147.9429999549567,128.9648117818743,0.004150390625,187.0695348230055,171.12832947099866,0.00390625,131.46118512671686,159.61917713334267,0.00439453125,189.6985092815336,153.20047043496663,0.007568359375,0.0016473526026844487,0.00255921262133052
2026-10-04T11:10:54+09:00,53.085545467527595,49.83184275295703,0.0048828125,77.26873800096142,67.82676166525988,0.005615234375,156.13082232960775,218.5908769767486,0.005615234375,178.10978621531535,153.20047043496663,0.00634765625,0.002303219142304136,0.002004836102644292
2026-10-05T11:12:41+09:00,53.085545467527595,49.83184275295703,0.006591796875,77.26873800096142,67.82676166525988,0.005126953125,156.13082232960775,218.5908769767486,0.0040283203125,178.10978621531535,153.20047043496663,0.0064697265625,0.0015041790342229244,0.001544829778008877
2026-10-06T10:16:21+09:00,188.67963133867144,127.11186661671888,0.0042724609375,182.33707264732462,67.82676166525988,0.0054931640625,138.82260510311605,152.87783516190203,0.0040283203125,166.38665372801754,164.19544111008545,0.0064697265625,0.0018961628710953415,0.002027033833484737
