data,file,order,twirled,n_min,n_points,z_exact,noiseless_trotter_only_z0,noiseless_bias,hw_trotter_only_z0,hw_trotter_only_err,hw_trotter_only_bias,hw_trotter_only_chi2,hw_joint_z0,hw_joint_err,hw_joint_bias,hw_joint_lambda,hw_joint_chi2,hw_raw_largest_n,hw_raw_largest_n_bias
22–23 1次（10/4）,hardware_main_o1_20261004T115640Z.csv,1,False,3,12,-0.2959488130631411,-0.2951445223269651,0.0008042907361759943,-0.16817386862823838,0.005310045536962142,0.1277749444349027,38.051341160307516,-0.42632375803198536,0.05576310716344316,-0.13037494496884428,0.06374156637852875,8.430700481269682,-0.159757738896366,0.1361910741667751
22–23 1次（10/4）,hardware_main_o1_20261004T115640Z.csv,1,False,4,11,-0.2959488130631411,-0.2952307742363509,0.0007180388267901683,-0.14671178782819116,0.007416200465586956,0.14923702523494992,20.866203539509105,-0.4806408216895856,0.10864651262459767,-0.18469200862644453,0.07091244368064491,8.063105001788687,-0.159757738896366,0.1361910741667751
22–23 1次（10/4）,hardware_main_o1_20261004T115640Z.csv,1,False,5,10,-0.2959488130631411,-0.2954871341008921,0.0004616789622489681,-0.12361702542635773,0.01056288667321855,0.17233178763678336,11.438500367127558,-0.449802576339184,0.20051020123048247,-0.15385376327604294,0.06731131945828027,8.029257234773569,-0.159757738896366,0.1361910741667751
22–23 2次（10/4、外れた1本）,hardware_main_o2_20261004T115817Z.csv,2,False,3,12,-0.2959488130631411,-0.2952206436083606,0.0007281694547804918,-0.2495340691766723,0.004517220477399467,0.04641474388646877,21.551201546135733,-0.37340664214043945,0.03641639311031254,-0.07745782907729837,0.02915121275144303,7.437770414665605,-0.24762865792129157,0.04832015514184951
22–23 2次（10/4、外れた1本）,hardware_main_o2_20261004T115817Z.csv,2,False,4,11,-0.2959488130631411,-0.2957644773455279,0.00018433571761317102,-0.2400652148418495,0.006091595699765525,0.055883598221291575,16.183113939106192,-0.4235539438187731,0.06620567595443146,-0.127605130755632,0.03695442828743319,6.505212295686283,-0.24762865792129157,0.04832015514184951
22–23 2次（10/4、外れた1本）,hardware_main_o2_20261004T115817Z.csv,2,False,5,10,-0.2959488130631411,-0.2958819208984528,6.689216468830361e-05,-0.2315887929708989,0.008444368264976299,0.06436002009224218,14.082231159723484,-0.4564778571705001,0.12021724913511088,-0.16052904410735902,0.040903993365144053,4.902225043266872,-0.24762865792129157,0.04832015514184951
22–23 1次（10/5）,hardware_day2_o1_20261005T093147Z.csv,1,False,3,12,-0.2959488130631411,-0.2951445223269651,0.0008042907361759943,-0.16569769714978702,0.007278464370682873,0.13025111591335406,26.93038535865126,-0.5066241699155474,0.08336566493100679,-0.2106753568524063,0.0769915489629331,3.011605031555524,-0.16172200479737392,0.13422680826576716
22–23 1次（10/5）,hardware_day2_o1_20261005T093147Z.csv,1,False,4,11,-0.2959488130631411,-0.2952307742363509,0.0007180388267901683,-0.13657246944076645,0.010162777309491253,0.15937634362237463,10.06800359173926,-0.5121883595755813,0.15969315484741764,-0.2162395465124402,0.0776485554939452,3.0100202226450374,-0.16172200479737392,0.13422680826576716
22–23 1次（10/5）,hardware_day2_o1_20261005T093147Z.csv,1,False,5,10,-0.2959488130631411,-0.2954871341008921,0.0004616789622489681,-0.11086579181790486,0.014466993205476657,0.18508302124523623,3.8344249071491654,-0.3955317020554729,0.2819953871409174,-0.09958288899233181,0.0637323829274731,2.812719362466375,-0.16172200479737392,0.13422680826576716
22–23 2次（10/5）,hardware_day2_o2_20261005T093255Z.csv,2,False,3,12,-0.2959488130631411,-0.2952206436083606,0.0007281694547804918,-0.16513720708947102,0.006255582015432566,0.13081160597367006,38.67737652588413,-0.4640902692715836,0.07328972294381553,-0.1681414562084425,0.07088464402478961,14.05524796111619,-0.16130659603985367,0.1346422170232874
22–23 2次（10/5）,hardware_day2_o2_20261005T093255Z.csv,2,False,4,11,-0.2959488130631411,-0.2957644773455279,0.00018433571761317102,-0.14545364729023352,0.008438627565505938,0.15049516577290756,26.599287674436198,-0.5457614887583856,0.1389690585445057,-0.2498126756952445,0.08071883658447608,13.449272742040701,-0.16130659603985367,0.1346422170232874
22–23 2次（10/5）,hardware_day2_o2_20261005T093255Z.csv,2,False,5,10,-0.2959488130631411,-0.2958819208984528,6.689216468830361e-05,-0.12915465354288347,0.011712045596099004,0.1667941595202576,22.571834362350092,-0.5559520030928857,0.25330467759971204,-0.26000319002974465,0.08104389442619092,12.630701972034231,-0.16130659603985367,0.1346422170232874
22–23 1次・ツイリング,hardware_twirl_o1_20261004T121639Z.csv,1,True,3,12,-0.2959488130631411,-0.2951445223269651,0.0008042907361759943,-0.26204571883460487,0.005259816430754661,0.03390309422853621,9.953294655237082,-0.2832284606923388,0.03398371101986999,0.012720352370802268,0.005651519764090631,9.538964299925519,-0.25293087185015495,0.04301794121298613
22–23 1次・ツイリング,hardware_twirl_o1_20261004T121639Z.csv,1,True,4,11,-0.2959488130631411,-0.2952307742363509,0.0007180388267901683,-0.2611614530345692,0.007348746437518178,0.034787360028571856,9.923606929188063,-0.3109415933195873,0.06268671622410249,-0.014992780256446236,0.011324976110630299,9.249051343233546,-0.25293087185015495,0.04301794121298613
22–23 1次・ツイリング,hardware_twirl_o1_20261004T121639Z.csv,1,True,5,10,-0.2959488130631411,-0.2954871341008921,0.0004616789622489681,-0.26127256694649453,0.010461501000258439,0.03467624611664655,9.92338429507333,-0.4342824843285688,0.1250458386842325,-0.13833367126542773,0.030418212476971494,7.872328789720059,-0.25293087185015495,0.04301794121298613
142–143 1次,hardware_q142_o1_20261004T122918Z.csv,1,False,3,12,-0.2959488130631411,-0.2951445223269651,0.0008042907361759943,-0.5947916748210829,0.006491015200549714,-0.2988428617579418,27.810989598376395,-0.43403370081283466,0.034614887130955396,-0.13808488774969357,-0.022998506723881856,7.808512118688399,-0.5687864200658728,-0.2728376070027317
142–143 1次,hardware_q142_o1_20261004T122918Z.csv,1,False,4,11,-0.2959488130631411,-0.2952307742363509,0.0007180388267901683,-0.6238934394528614,0.009040393369401413,-0.3279446263897203,6.421836217075918,-0.5289562579691645,0.06351440597203638,-0.23300744490602338,-0.010979635683925005,4.298380646352303,-0.5687864200658728,-0.2728376070027317
142–143 1次,hardware_q142_o1_20261004T122918Z.csv,1,False,5,10,-0.2959488130631411,-0.2954871341008921,0.0004616789622489681,-0.6351336188814704,0.012815639923011431,-0.33918480581832927,4.8906439975473255,-0.5432145873300025,0.11328713487692202,-0.24726577426686142,-0.009468761351638431,4.275793302716289,-0.5687864200658728,-0.2728376070027317
142–143 2次,hardware_q142_o2_20261004T123114Z.csv,2,False,3,12,-0.2959488130631411,-0.2952206436083606,0.0007281694547804918,-0.6004863979509455,0.005445256262126373,-0.3045375848878044,29.62206909452235,-0.4575119803481149,0.028423102605546518,-0.16156316728497383,-0.020705324474416486,6.451991688083384,-0.5877281947261663,-0.29177938166302525
142–143 2次,hardware_q142_o2_20261004T123114Z.csv,2,False,4,11,-0.2959488130631411,-0.2957644773455279,0.00018433571761317102,-0.6180173343638089,0.007317261225749172,-0.3220685213006678,16.75834170891214,-0.45621031471675283,0.048221856427467694,-0.16026150165361175,-0.020885621331576214,6.450852921151861,-0.5877281947261663,-0.29177938166302525
142–143 2次,hardware_q142_o2_20261004T123114Z.csv,2,False,5,10,-0.2959488130631411,-0.2958819208984528,6.689216468830361e-05,-0.6369931951027376,0.010111465965602803,-0.34104438203959647,9.364345320763613,-0.48418648073952675,0.08403830943347164,-0.18823766767638567,-0.017377398157848972,6.273911530837342,-0.5877281947261663,-0.29177938166302525
142–143 1次・ツイリング,hardware_q142_twirl_o1_20261004T123016Z.csv,1,True,3,12,-0.2959488130631411,-0.2951445223269651,0.0008042907361759943,-0.28078134570630603,0.007182924736211502,0.015167467356835052,7.123604706361216,-0.2803037083545329,0.044198835770182625,0.015645104708608193,-0.0001245863045306865,7.123484915786619,-0.25644264780192005,0.03950616526122103
142–143 1次・ツイリング,hardware_q142_twirl_o1_20261004T123016Z.csv,1,True,4,11,-0.2959488130631411,-0.2952307742363509,0.0007180388267901683,-0.2808370665527327,0.010029862371816207,0.015111746510408364,7.123541326323248,-0.28024105474818767,0.07924342087718725,0.015707758314953413,-0.0001381591763992118,7.123484006389137,-0.25644264780192005,0.03950616526122103
142–143 1次・ツイリング,hardware_q142_twirl_o1_20261004T123016Z.csv,1,True,5,10,-0.2959488130631411,-0.2954871341008921,0.0004616789622489681,-0.2739667109694814,0.01428106210842872,0.021982102093659694,6.666825359268955,-0.17119732907684554,0.13111194920686348,0.12475148398629554,-0.02674044031927646,6.001766529891683,-0.25644264780192005,0.03950616526122103
142–143 2次・ツイリング,hardware_q142_twirl_o2_20261004T123213Z.csv,2,True,3,12,-0.2959488130631411,-0.2952206436083606,0.0007281694547804918,-0.25281020626219924,0.006251103631046913,0.04313860680094184,22.059967905563123,-0.22533927500736742,0.038565591904723404,0.07060953805577366,-0.00840558948637195,21.596230433725708,-0.25069850139700295,0.04525031166613813
142–143 2次・ツイリング,hardware_q142_twirl_o2_20261004T123213Z.csv,2,True,4,11,-0.2959488130631411,-0.2957644773455279,0.00018433571761317102,-0.24778254560036597,0.008415176311833552,0.04816626746277511,21.263552038774034,-0.11731315357057119,0.05905767337076733,0.17863565949256988,-0.0473859490596407,16.969117643110764,-0.25069850139700295,0.04525031166613813
142–143 2次・ツイリング,hardware_q142_twirl_o2_20261004T123213Z.csv,2,True,5,10,-0.2959488130631411,-0.2958819208984528,6.689216468830361e-05,-0.2570435900368331,0.011655025841237884,0.038905223026308,19.944526839415648,-0.11695954518458196,0.09504429442620628,0.17898926787855912,-0.04740137440743481,16.902987766876116,-0.25069850139700295,0.04525031166613813
