target_logical,target_physical,k_pairs,exp_X,exp_Y,phase_rad,coherence
0,22,0,0.9935,0.001,0.00100654218650319,0.9935005032711358
0,22,2,0.963,-0.04,-0.04151300066116577,0.9638303792680536
0,22,4,0.936,-0.1185,-0.12593259134486195,0.9434713827138586
0,22,8,0.907,-0.231,-0.249383920973675,0.9359540587016011
0,22,12,0.895,-0.277,-0.30014689368219616,0.9368852651205483
1,23,0,0.997,0.0045,0.004513509972216745,0.9970101554146779
1,23,2,0.988,0.018,0.01821660818529105,0.9881639540076332
1,23,4,0.9925,0.025,0.02518359160283176,0.9928148115333494
1,23,8,0.981,0.0445,0.04533080028744535,0.982008783056445
1,23,12,0.9655,0.1355,0.13943114721473976,0.9749617941232364
