axis,target_logical,target_physical,k_pairs,ref_basis,exp_ref,exp_Y,phase_rad,coherence
Z,0,22,0,X,0.9953333333333333,-0.008,-0.008037335300637813,0.9953654828476043
Z,0,22,2,X,0.9626666666666667,-0.11733333333333333,-0.12128542710704471,0.9697908136408708
Z,0,22,4,X,0.9333333333333333,-0.14133333333333334,-0.15028678983552116,0.9439736342834064
Z,0,22,8,X,0.8886666666666667,-0.25133333333333335,-0.2756224219707449,0.9235241680047627
Z,0,22,12,X,0.8573333333333333,-0.3253333333333333,-0.3626848776461222,0.9169853991325173
Z,1,23,0,X,0.996,-0.03933333333333333,-0.0394707879983136,0.9967763596269281
Z,1,23,2,X,0.9906666666666667,0.014,0.014130957061749369,0.9907655850121382
Z,1,23,4,X,0.9906666666666667,0.06533333333333333,0.06585349532504683,0.9928186586123817
Z,1,23,8,X,0.9733333333333334,0.066,0.0677045785782244,0.9755684382849713
Z,1,23,12,X,0.9646666666666667,0.09933333333333333,0.10261002166777515,0.9697674406211465
X,1,23,0,Z,0.9933333333333333,-0.02666666666666667,-0.026839191259215394,0.9936912106998945
X,1,23,2,Z,0.9546666666666667,-0.042666666666666665,-0.04466301601002113,0.9556196360942406
X,1,23,4,Z,0.946,-0.076,-0.0801660919091432,0.9490479439944012
X,1,23,8,Z,0.9366666666666666,-0.212,-0.22258429368514754,0.9603584978769357
X,1,23,12,Z,0.9126666666666666,-0.276,-0.29366680963150665,0.9534864678874286
