n_steps,shots,z_measured,z_readout_corrected,z_sem,z_exact,z_trotter_noiseless,local_err_hw,noise_part_hw
1,8000,0.69025,0.6995173990347981,0.00821922203847015,-0.2959488130631411,0.7136249915478461,0.9954662120979392,-0.01410759251304794
2,8000,0.01924999999999999,0.01778003556007108,0.01135714319350558,-0.2959488130631411,0.029990685342117462,0.31372884862321215,-0.012210649782046383
3,8000,-0.2562500000000001,-0.26212852425704863,0.01097996889457732,-0.2959488130631411,-0.26513153827922503,0.03382028880609245,0.003003014022176398
4,8000,-0.26075000000000004,-0.26670053340106686,0.010966290292396515,-0.2959488130631411,-0.2909748774521669,0.029248279662074217,0.024274344051100016
5,8000,-0.274,-0.2801625603251207,0.010924526120093559,-0.2959488130631411,-0.2953759980830464,0.015786252738020368,0.015213437757925663
6,8000,-0.28174999999999994,-0.28803657607315214,0.010899060502497645,-0.2959488130631411,-0.29637168886874093,0.007912236989988941,0.008335112795588795
7,8000,-0.24550000000000005,-0.2512065024130049,0.011011616326602169,-0.2959488130631411,-0.2965859127230076,0.044742310650136174,0.0453794103100027
8,8000,-0.2709999999999999,-0.2771145542291084,0.010934177569093994,-0.2959488130631411,-0.296588029117764,0.01883425883403267,0.019473474888655584
9,8000,-0.2410000000000001,-0.24663449326898668,0.011024435521160622,-0.2959488130631411,-0.2965321899602846,0.049314319794154404,0.0498976966912979
10,8000,-0.2417499999999999,-0.24739649479298953,0.01102231648633158,-0.2959488130631411,-0.29646526292301456,0.04855231827015155,0.04906876813002503
11,8000,-0.23324999999999996,-0.23876047752095503,0.01104592366027984,-0.2959488130631411,-0.29640184813418874,0.05718833554218605,0.05764137061323371
12,8000,-0.25675000000000003,-0.26263652527305065,0.010978461644761447,-0.2959488130631411,-0.2963459438845743,0.033312287790090434,0.033709418611523656
13,8000,-0.28125,-0.2875285750571502,0.010900726695518729,-0.2959488130631411,-0.29629795755019406,0.008420238005990899,0.008769382493043876
14,8000,-0.2450000000000001,-0.25069850139700295,0.011013053134752064,-0.2959488130631411,-0.2962571429003033,0.04525031166613813,0.04555864150330036
