n_qubits,order,metric,p,n_star,err_min,n_star_pred,q_fit,a_fit,b_fit,hit_nmax
2,1,infidelity,0.001,12,0.02507096158198263,11.75,2.136,1.5524270324727234,1.4639691980466936,False
2,1,infidelity,0.002,9,0.04005506622957966,9.42,2.136,1.5524270324727234,1.4639691980466936,False
2,1,infidelity,0.005,7,0.07394973033355812,7.03,2.136,1.5524270324727234,1.4639691980466936,False
2,1,infidelity,0.01,6,0.11683070873779622,5.64,2.136,1.5524270324727234,1.4639691980466936,False
2,1,infidelity,0.02,5,0.18271000418229066,4.52,2.136,1.5524270324727234,1.4639691980466936,False
2,1,local_err,0.001,22,0.01887963063509035,21.76,2.022,3.3357547010501336,0.6110323707678508,False
2,1,local_err,0.002,18,0.029505433873247833,17.3,2.022,3.3357547010501336,0.6110323707678508,False
2,1,local_err,0.005,13,0.052390305717034014,12.78,2.022,3.3357547010501336,0.6110323707678508,False
2,1,local_err,0.01,11,0.07949383828573298,10.16,2.022,3.3357547010501336,0.6110323707678508,False
2,1,local_err,0.02,9,0.1173483139817702,8.08,2.022,3.3357547010501336,0.6110323707678508,False
2,2,infidelity,0.001,7,0.0121460193795625,6.49,4.039,4.474735778472354,1.4550511628408727,False
2,2,infidelity,0.002,6,0.021018098951475217,5.66,4.039,4.474735778472354,1.4550511628408727,False
2,2,infidelity,0.005,5,0.04340146003762002,4.72,4.039,4.474735778472354,1.4550511628408727,False
2,2,infidelity,0.01,4,0.0749366333956778,4.11,4.039,4.474735778472354,1.4550511628408727,False
2,2,infidelity,0.02,4,0.12759712553796532,3.58,4.039,4.474735778472354,1.4550511628408727,False
2,2,local_err,0.001,6,0.003114088984661978,3.97,1.486,0.01236157156882476,0.5956417905713037,False
2,2,local_err,0.002,5,0.006427449832973442,3.01,1.486,0.01236157156882476,0.5956417905713037,False
2,2,local_err,0.005,5,0.01501370898991744,2.08,1.486,0.01236157156882476,0.5956417905713037,False
2,2,local_err,0.01,4,0.027453288682339705,1.57,1.486,0.01236157156882476,0.5956417905713037,False
2,2,local_err,0.02,4,0.048398146826570565,1.19,1.486,0.01236157156882476,0.5956417905713037,False
3,1,infidelity,0.001,7,0.029700021280337552,6.46,2.388,0.7138263703026742,3.063231870535668,False
3,1,infidelity,0.002,6,0.04976970120444335,5.27,2.388,0.7138263703026742,3.063231870535668,False
3,1,infidelity,0.005,5,0.09862234516026724,4.02,2.388,0.7138263703026742,3.063231870535668,False
3,1,infidelity,0.01,5,0.16826277767990372,3.27,2.388,0.7138263703026742,3.063231870535668,False
3,1,infidelity,0.02,4,0.26786373653963236,2.67,2.388,0.7138263703026742,3.063231870535668,False
3,1,local_err,0.001,17,0.0002372172099723291,19.07,1.921,0.6198204681389158,0.21667007946828343,False
3,1,local_err,0.002,13,3.4611551595953305e-05,15.04,1.921,0.6198204681389158,0.21667007946828343,False
3,1,local_err,0.005,9,0.000779363283867629,10.99,1.921,0.6198204681389158,0.21667007946828343,False
3,1,local_err,0.01,7,0.0007122042226528347,8.67,1.921,0.6198204681389158,0.21667007946828343,False
3,1,local_err,0.02,5,0.0032956142590852,6.84,1.921,0.6198204681389158,0.21667007946828343,False
3,2,infidelity,0.001,6,0.02573092986313874,6.39,4.02,8.417867936822667,3.060961871305774,False
3,2,infidelity,0.002,6,0.04470554139217664,5.57,4.02,8.417867936822667,3.060961871305774,False
3,2,infidelity,0.005,5,0.0909416722357157,4.64,4.02,8.417867936822667,3.060961871305774,False
3,2,infidelity,0.01,4,0.15181443522862526,4.04,4.02,8.417867936822667,3.060961871305774,False
3,2,infidelity,0.02,4,0.2543452061378395,3.52,4.02,8.417867936822667,3.060961871305774,False
3,2,local_err,0.001,16,0.003998526485059162,15.97,2.022,0.3711301923279256,0.1733200816705745,False
3,2,local_err,0.002,13,0.006275241023386002,12.7,2.022,0.3711301923279256,0.1733200816705745,False
3,2,local_err,0.005,10,0.011267764814834214,9.38,2.022,0.3711301923279256,0.1733200816705745,False
3,2,local_err,0.01,2,0.013452551539835253,7.45,2.022,0.3711301923279256,0.1733200816705745,False
3,2,local_err,0.02,2,0.010357393443951174,5.93,2.022,0.3711301923279256,0.1733200816705745,False
4,1,infidelity,0.001,11,0.07375399034227104,11.03,2.182,4.327228520033616,4.546023502065791,False
4,1,infidelity,0.002,9,0.11682266786468043,8.87,2.182,4.327228520033616,4.546023502065791,False
4,1,infidelity,0.005,7,0.21126852629258464,6.65,2.182,4.327228520033616,4.546023502065791,False
4,1,infidelity,0.01,6,0.32304951316884933,5.35,2.182,4.327228520033616,4.546023502065791,False
4,1,infidelity,0.02,5,0.4739403591581661,4.3,2.182,4.327228520033616,4.546023502065791,False
4,1,local_err,0.001,11,0.00038542521018172793,12.18,2.033,0.3370217952869865,0.34968354635432364,False
4,1,local_err,0.002,8,0.0006931923249120509,9.69,2.033,0.3370217952869865,0.34968354635432364,False
4,1,local_err,0.005,6,0.0013401403044467214,7.16,2.033,0.3370217952869865,0.34968354635432364,False
4,1,local_err,0.01,5,0.0010354010885867057,5.7,2.033,0.3370217952869865,0.34968354635432364,False
4,1,local_err,0.02,4,0.002935088129987877,4.53,2.033,0.3370217952869865,0.34968354635432364,False
4,2,infidelity,0.001,7,0.04200865889994143,7.04,4.037,20.723178740274868,4.494962221033564,False
4,2,infidelity,0.002,6,0.07231594608351322,6.14,4.037,20.723178740274868,4.494962221033564,False
4,2,infidelity,0.005,5,0.14556877536498636,5.12,4.037,20.723178740274868,4.494962221033564,False
4,2,infidelity,0.01,5,0.24456507436807662,4.46,4.037,20.723178740274868,4.494962221033564,False
4,2,infidelity,0.02,4,0.38107616771000097,3.88,4.037,20.723178740274868,4.494962221033564,False
4,2,local_err,0.001,16,0.006383569684725171,16.23,2.004,0.584480914981719,0.2705572011298083,False
4,2,local_err,0.002,13,0.00991634834300284,12.89,2.004,0.584480914981719,0.2705572011298083,False
4,2,local_err,0.005,10,0.01741523748059362,9.5,2.004,0.584480914981719,0.2705572011298083,False
4,2,local_err,0.01,2,0.02510560142648874,7.54,2.004,0.584480914981719,0.2705572011298083,False
4,2,local_err,0.02,2,0.022010443330605076,5.99,2.004,0.584480914981719,0.2705572011298083,False
5,1,infidelity,0.001,11,0.09457719546097976,10.8,2.211,5.5552678645024285,5.90855596164417,False
5,1,infidelity,0.002,9,0.14919083823932655,8.7,2.211,5.5552678645024285,5.90855596164417,False
5,1,infidelity,0.005,7,0.2665584995508239,6.54,2.211,5.5552678645024285,5.90855596164417,False
5,1,infidelity,0.01,6,0.40073279736165646,5.27,2.211,5.5552678645024285,5.90855596164417,False
5,1,infidelity,0.02,5,0.5710411596676905,4.25,2.211,5.5552678645024285,5.90855596164417,False
5,1,local_err,0.001,10,0.0003495481465578959,12.09,2.045,0.33954573306122254,0.3515072106751749,False
5,1,local_err,0.002,8,0.000604898378037115,9.63,2.045,0.33954573306122254,0.3515072106751749,False
5,1,local_err,0.005,6,0.001253073407908263,7.12,2.045,0.33954573306122254,0.3515072106751749,False
5,1,local_err,0.01,5,0.0009483341920489413,5.67,2.045,0.33954573306122254,0.3515072106751749,False
5,1,local_err,0.02,4,0.0028480212334495297,4.52,2.045,0.33954573306122254,0.3515072106751749,False
5,2,infidelity,0.001,7,0.057627278086082034,7.32,4.023,31.87020927932906,5.828473444856119,False
5,2,infidelity,0.002,6,0.09869251994184802,6.38,4.023,31.87020927932906,5.828473444856119,False
5,2,infidelity,0.005,5,0.19525604080161107,5.31,4.023,31.87020927932906,5.828473444856119,False
5,2,infidelity,0.01,5,0.31729571771079723,4.63,4.023,31.87020927932906,5.828473444856119,False
5,2,infidelity,0.02,4,0.48069141857120123,4.03,4.023,31.87020927932906,5.828473444856119,False
5,2,local_err,0.001,16,0.006431411962757816,16.24,2.002,0.5857647372859937,0.27245805803720025,False
5,2,local_err,0.002,13,0.009984144169225342,12.89,2.002,0.5857647372859937,0.27245805803720025,False
5,2,local_err,0.005,10,0.017512801981853926,9.5,2.002,0.5857647372859937,0.27245805803720025,False
5,2,local_err,0.01,2,0.025192668323026787,7.54,2.002,0.5857647372859937,0.27245805803720025,False
5,2,local_err,0.02,2,0.022097510227142965,5.99,2.002,0.5857647372859937,0.27245805803720025,False
6,1,infidelity,0.001,11,0.12578358130844958,11.76,2.214,9.001288169777231,7.228597094578419,False
6,1,infidelity,0.002,9,0.1965094936530125,9.48,2.214,9.001288169777231,7.228597094578419,False
6,1,infidelity,0.005,7,0.3429436448448916,7.13,2.214,9.001288169777231,7.228597094578419,False
6,1,infidelity,0.01,6,0.4981534981112763,5.75,2.214,9.001288169777231,7.228597094578419,False
6,1,infidelity,0.02,5,0.6802083208523959,4.63,2.214,9.001288169777231,7.228597094578419,False
6,1,local_err,0.001,10,0.00034932043896115234,12.09,2.045,0.3395890665815824,0.3515169632009788,False
6,1,local_err,0.002,8,0.0006046748826025461,9.63,2.045,0.3395890665815824,0.3515169632009788,False
6,1,local_err,0.005,6,0.0012528499124741382,7.12,2.045,0.3395890665815824,0.3515169632009788,False
6,1,local_err,0.01,5,0.0009481106966145181,5.67,2.045,0.3395890665815824,0.3515169632009788,False
6,1,local_err,0.02,4,0.0028477977380155922,4.52,2.045,0.3395890665815824,0.3515169632009788,False
6,2,infidelity,0.001,7,0.07186877196524355,7.4,4.016,40.26558543347198,7.07567547439271,False
6,2,infidelity,0.002,6,0.12234382591198734,6.44,4.016,40.26558543347198,7.07567547439271,False
6,2,infidelity,0.005,5,0.23844411684670141,5.37,4.016,40.26558543347198,7.07567547439271,False
6,2,infidelity,0.01,5,0.3798473820934368,4.67,4.016,40.26558543347198,7.07567547439271,False
6,2,infidelity,0.02,4,0.5588931341155146,4.07,4.016,40.26558543347198,7.07567547439271,False
6,2,local_err,0.001,16,0.006431625810470611,16.24,2.002,0.5857488802928763,0.27246774894342807,False
6,2,local_err,0.002,13,0.009984407575979848,12.89,2.002,0.5857488802928763,0.27246774894342807,False
6,2,local_err,0.005,10,0.01751308738489627,9.5,2.002,0.5857488802928763,0.27246774894342807,False
6,2,local_err,0.01,2,0.025192891818461294,7.54,2.002,0.5857488802928763,0.27246774894342807,False
6,2,local_err,0.02,2,0.022097733722577638,5.99,2.002,0.5857488802928763,0.27246774894342807,False
