n_qubits,t,J,g,order,n_steps,p,cnots,infidelity,local_err,trotter_err,bound,z_exact,z_trotter_part,z_noise_part
7,2.0,1.0,1.0,1,1,0.0,12,0.9329175879413638,0.7123027075769504,1.9998021128191714,32.2187159370068,0.05865908671333758,-0.7123027075769501,-1.1102230246251565e-16
7,2.0,1.0,1.0,1,2,0.0,24,0.9913701773940061,0.4585983836542346,1.9967425849593994,16.1093579685034,0.05865908671333758,0.4585983836542347,-1.1102230246251565e-16
7,2.0,1.0,1.0,1,3,0.0,36,0.896205439100105,0.04743547600211656,1.9944704923739993,10.739571979002266,0.05865908671333758,0.047435476002116575,-1.3877787807814457e-17
7,2.0,1.0,1.0,1,4,0.0,48,0.5561886433634483,0.022740670262630214,1.6187562295936624,8.0546789842517,0.05865908671333758,0.022740670262630186,2.7755575615628914e-17
7,2.0,1.0,1.0,1,5,0.0,60,0.34475811862263817,0.013435565634424107,1.2764891250327635,6.443743187401361,0.05865908671333758,0.013435565634424301,-1.942890293094024e-16
7,2.0,1.0,1.0,1,6,0.0,72,0.22885024365537365,0.008931260381450923,1.0435653691706537,5.369785989501133,0.05865908671333758,0.008931260381450465,4.579669976578771e-16
7,2.0,1.0,1.0,1,7,0.0,84,0.16154841829248245,0.006390986306118229,0.8807336989928678,4.602673705286685,0.05865908671333758,0.00639098630611859,-3.608224830031759e-16
7,2.0,1.0,1.0,1,8,0.0,96,0.11969915247210283,0.004810094914266594,0.7616130550757989,4.02733949212585,0.05865908671333758,0.00481009491426615,4.440892098500626e-16
7,2.0,1.0,1.0,1,9,0.0,108,0.09210104798068619,0.003756265162369543,0.6709499835939714,3.5798573263340887,0.05865908671333758,0.003756265162370348,-8.049116928532385e-16
7,2.0,1.0,1.0,1,10,0.0,120,0.07300770658623312,0.0030171709496297217,0.5996968431621342,3.2218715937006803,0.05865908671333758,0.003017170949629444,2.7755575615628914e-16
7,2.0,1.0,1.0,1,11,0.0,132,0.05927380315029063,0.0024781129001847924,0.5422316272315233,2.9289741760915273,0.05865908671333758,0.0024781129001852226,-4.3021142204224816e-16
7,2.0,1.0,1.0,1,12,0.0,144,0.04907442340369361,0.00207250608401216,0.494900144936399,2.6848929947505664,0.05865908671333758,0.0020725060840142834,-2.123301534595612e-15
7,2.0,1.0,1.0,1,13,0.0,156,0.04129639096507254,0.0017594540755007104,0.45523152189705746,2.4783627643851385,0.05865908671333758,0.0017594540755006133,9.71445146547012e-17
7,2.0,1.0,1.0,1,14,0.0,168,0.035231105127205065,0.0015126701005604981,0.4214974230134653,2.3013368526433426,0.05865908671333758,0.0015126701005584858,2.0122792321330962e-15
7,2.0,1.0,1.0,1,15,0.0,180,0.030410782699829664,0.0013146128842103644,0.39245335239959456,2.1479143958004534,0.05865908671333758,0.0013146128842090182,1.3461454173580023e-15
7,2.0,1.0,1.0,1,16,0.0,192,0.026516809153373178,0.0011532031253745356,0.36718061527322615,2.013669746062925,0.05865908671333758,0.0011532031253751185,-5.828670879282072e-16
7,2.0,1.0,1.0,1,17,0.0,204,0.02332621789198086,0.001019896897537953,0.3449862675722539,1.8952185845298117,0.05865908671333758,0.0010198968975392575,-1.304512053934559e-15
7,2.0,1.0,1.0,1,18,0.0,216,0.02067924941683197,0.0009085096033462636,0.32533774873503785,1.7899286631670444,0.05865908671333758,0.0009085096033449314,1.3322676295501878e-15
7,2.0,1.0,1.0,1,19,0.0,228,0.01845903354127132,0.0008144733142529392,0.3078189698775727,1.69572189142141,0.05865908671333758,0.0008144733142533972,-4.579669976578771e-16
7,2.0,1.0,1.0,1,20,0.0,240,0.01657849113504206,0.0007343537792378618,0.292100079775602,1.6109357968503402,0.05865908671333758,0.0007343537792401794,-2.3175905639050143e-15
7,2.0,1.0,1.0,1,21,0.0,252,0.014971670574231988,0.0006655281022401316,0.2779161876736232,1.5342245684288949,0.05865908671333758,0.0006655281022385079,1.6237011735142914e-15
7,2.0,1.0,1.0,1,22,0.0,264,0.013587884639293613,0.0006059646802709651,0.2650520939759653,1.4644870880457637,0.05865908671333758,0.0006059646802684254,2.5396351688300456e-15
7,2.0,1.0,1.0,1,23,0.0,276,0.012387660220253394,0.0005540698760761464,0.2533311386038118,1.4008137363916,0.05865908671333758,0.0005540698760785889,-2.4424906541753444e-15
7,2.0,1.0,1.0,1,24,0.0,288,0.01133988797901242,0.0005085792244235443,0.2426069268709404,1.3424464973752832,0.05865908671333758,0.0005085792244218512,1.6930901125533637e-15
7,2.0,1.0,1.0,1,25,0.0,300,0.010419782495318053,0.00046847895868540324,0.23275710189422746,1.288748637480272,0.05865908671333758,0.00046847895868445955,9.43689570931383e-16
7,2.0,1.0,1.0,1,26,0.0,312,0.00960739996284532,0.00043294855801551124,0.22367859595713427,1.2391813821925692,0.05865908671333758,0.000432948558017357,-1.8457457784393227e-15
7,2.0,1.0,1.0,1,27,0.0,324,0.00888654590282889,0.00040131810945281954,0.21528396633032582,1.1932857754446962,0.05865908671333758,0.00040131810945386037,-1.0408340855860843e-15
7,2.0,1.0,1.0,1,28,0.0,336,0.008243959909859155,0.0003730362692194733,0.2074985369464903,1.1506684263216713,0.05865908671333758,0.0003730362692193345,1.3877787807814457e-16
7,2.0,1.0,1.0,1,29,0.0,348,0.0076686999617223695,0.0003476459120309028,0.2002581462720668,1.1109902047243723,0.05865908671333758,0.00034764591203299833,-2.095545958979983e-15
7,2.0,1.0,1.0,1,30,0.0,360,0.007151672362402661,0.00032476542782583495,0.19350735635389055,1.0739571979002267,0.05865908671333758,0.0003247654278228651,2.9698465908722937e-15
7,2.0,1.0,1.0,1,1,0.001,12,0.9334529862874319,0.7109960739788439,1.9998021128191714,32.2187159370068,0.05865908671333758,-0.7123027075769501,0.0013066335981063437
7,2.0,1.0,1.0,1,2,0.001,24,0.9913350290599771,0.4565324552490739,1.9967425849593994,16.1093579685034,0.05865908671333758,0.4585983836542347,-0.002065928405160844
7,2.0,1.0,1.0,1,3,0.001,36,0.8986860465184054,0.046383372667868794,1.9944704923739993,10.739571979002266,0.05865908671333758,0.047435476002116575,-0.001052103334247781
7,2.0,1.0,1.0,1,4,0.001,48,0.5729057701133957,0.02164426748758802,1.6187562295936624,8.0546789842517,0.05865908671333758,0.022740670262630186,-0.0010964027750421657
7,2.0,1.0,1.0,1,5,0.001,60,0.37603995907219734,0.01210455826260698,1.2764891250327635,6.443743187401361,0.05865908671333758,0.013435565634424301,-0.001331007371817322
7,2.0,1.0,1.0,1,6,0.001,72,0.2730580959429425,0.0073387869286582474,1.0435653691706537,5.369785989501133,0.05865908671333758,0.008931260381450465,-0.0015924734527922174
7,2.0,1.0,1.0,1,7,0.001,84,0.21747046518476698,0.004530402781247556,0.8807336989928678,4.602673705286685,0.05865908671333758,0.00639098630611859,-0.0018605835248710345
7,2.0,1.0,1.0,1,8,0.001,96,0.18653139618864634,0.0026799666903327135,0.7616130550757989,4.02733949212585,0.05865908671333758,0.00481009491426615,-0.0021301282239334363
7,2.0,1.0,1.0,1,9,0.001,108,0.16929320706804196,0.0013568460035172092,0.6709499835939714,3.5798573263340887,0.05865908671333758,0.003756265162370348,-0.002399419158853139
7,2.0,1.0,1.0,1,10,0.001,120,0.16016205426490826,0.00034932018942307463,0.5996968431621342,3.2218715937006803,0.05865908671333758,0.003017170949629444,-0.0026678507602063695
7,2.0,1.0,1.0,1,11,0.001,132,0.1560869153421428,0.00045708964684482156,0.5422316272315233,2.9289741760915273,0.05865908671333758,0.0024781129001852226,-0.002935202547030044
7,2.0,1.0,1.0,1,12,0.001,144,0.15530347197914873,0.0011288969150824446,0.494900144936399,2.6848929947505664,0.05865908671333758,0.0020725060840142834,-0.003201402999096728
7,2.0,1.0,1.0,1,13,0.001,156,0.15673902330733303,0.0017069864487356257,0.45523152189705746,2.4783627643851385,0.05865908671333758,0.0017594540755006133,-0.003466440524236239
7,2.0,1.0,1.0,1,14,0.001,168,0.1597129921033561,0.002217657299709297,0.4214974230134653,2.3013368526433426,0.05865908671333758,0.0015126701005584858,-0.0037303274002677828
7,2.0,1.0,1.0,1,15,0.001,180,0.16377763834912218,0.0026784716416263787,0.39245335239959456,2.1479143958004534,0.05865908671333758,0.0013146128842090182,-0.003993084525835397
7,2.0,1.0,1.0,1,16,0.001,192,0.16862910979847212,0.003101531745921815,0.36718061527322615,2.013669746062925,0.05865908671333758,0.0011532031253751185,-0.0042547348712969335
7,2.0,1.0,1.0,1,17,0.001,204,0.17405560548435395,0.0034954038288690925,0.3449862675722539,1.8952185845298117,0.05865908671333758,0.0010198968975392575,-0.00451530072640835
7,2.0,1.0,1.0,1,18,0.001,216,0.1799060180832357,0.0038662930429236853,0.32533774873503785,1.7899286631670444,0.05865908671333758,0.0009085096033449314,-0.004774802646268617
7,2.0,1.0,1.0,1,19,0.001,228,0.1860703321940116,0.004218785845430617,0.3078189698775727,1.69572189142141,0.05865908671333758,0.0008144733142533972,-0.005033259159684014
7,2.0,1.0,1.0,1,20,0.001,240,0.1924670113191569,0.004556333031527415,0.292100079775602,1.6109357968503402,0.05865908671333758,0.0007343537792401794,-0.005290686810767595
7,2.0,1.0,1.0,1,21,0.001,252,0.1990346705543905,0.004881572231886677,0.2779161876736232,1.5342245684288949,0.05865908671333758,0.0006655281022385079,-0.005547100334125185
7,2.0,1.0,1.0,1,22,0.001,264,0.20572645121983624,0.005196548190752881,0.2650520939759653,1.4644870880457637,0.05865908671333758,0.0006059646802684254,-0.005802512871021306
7,2.0,1.0,1.0,1,23,0.001,276,0.21250614174080917,0.005502866308604748,0.2533311386038118,1.4008137363916,0.05865908671333758,0.0005540698760785889,-0.006056936184683337
7,2.0,1.0,1.0,1,24,0.001,288,0.21934545261647398,0.005801801633025405,0.2426069268709404,1.3424464973752832,0.05865908671333758,0.0005085792244218512,-0.006310380857447256
7,2.0,1.0,1.0,1,25,0.001,300,0.2262220696855406,0.006094377505315551,0.23275710189422746,1.288748637480272,0.05865908671333758,0.00046847895868445955,-0.006562856464000011
7,2.0,1.0,1.0,1,26,0.001,312,0.23311824198134312,0.0063814231621734385,0.22367859595713427,1.2391813821925692,0.05865908671333758,0.000432948558017357,-0.0068143717201907955
7,2.0,1.0,1.0,1,27,0.001,324,0.24001974297605866,0.006663616499970937,0.21528396633032582,1.1932857754446962,0.05865908671333758,0.00040131810945386037,-0.007064934609424797
7,2.0,1.0,1.0,1,28,0.001,336,0.2469150966464353,0.006941516220117738,0.2074985369464903,1.1506684263216713,0.05865908671333758,0.0003730362692193345,-0.007314552489337073
7,2.0,1.0,1.0,1,29,0.001,348,0.25379499402171013,0.007215586269480767,0.2002581462720668,1.1109902047243723,0.05865908671333758,0.00034764591203299833,-0.007563232181513765
7,2.0,1.0,1.0,1,30,0.001,360,0.2606518485297544,0.007486214619112197,0.19350735635389055,1.0739571979002267,0.05865908671333758,0.0003247654278228651,-0.007810980046935062
7,2.0,1.0,1.0,1,1,0.005,12,0.935548097251754,0.7057826124588356,1.9998021128191714,32.2187159370068,0.05865908671333758,-0.7123027075769501,0.006520095118114688
7,2.0,1.0,1.0,1,2,0.005,24,0.9912115147198362,0.448330564561989,1.9967425849593994,16.1093579685034,0.05865908671333758,0.4585983836542347,-0.010267819092245722
7,2.0,1.0,1.0,1,3,0.005,36,0.9079558576386109,0.042260214387085104,1.9944704923739993,10.739571979002266,0.05865908671333758,0.047435476002116575,-0.005175261615031471
7,2.0,1.0,1.0,1,4,0.005,48,0.633482760246917,0.017370088050779664,1.6187562295936624,8.0546789842517,0.05865908671333758,0.022740670262630186,-0.005370582211850522
7,2.0,1.0,1.0,1,5,0.005,60,0.4864906743628368,0.006966996340389164,1.2764891250327635,6.443743187401361,0.05865908671333758,0.013435565634424301,-0.006468569294035137
7,2.0,1.0,1.0,1,6,0.005,72,0.42524314806140784,0.0012528496629352626,1.0435653691706537,5.369785989501133,0.05865908671333758,0.008931260381450465,-0.007678410718515202
7,2.0,1.0,1.0,1,7,0.005,84,0.4052222014325355,0.0025111152678201076,0.8807336989928678,4.602673705286685,0.05865908671333758,0.00639098630611859,-0.008902101573938698
7,2.0,1.0,1.0,1,8,0.005,96,0.405414004628889,0.005304733125236993,0.7616130550757989,4.02733949212585,0.05865908671333758,0.00481009491426615,-0.010114828039503143
7,2.0,1.0,1.0,1,9,0.005,108,0.41595646156243804,0.0075526182160892685,0.6709499835939714,3.5798573263340887,0.05865908671333758,0.003756265162370348,-0.011308883378459617
7,2.0,1.0,1.0,1,10,0.005,120,0.4319321655169487,0.009464610714912614,0.5996968431621342,3.2218715937006803,0.05865908671333758,0.003017170949629444,-0.012481781664542058
7,2.0,1.0,1.0,1,11,0.005,132,0.45073263873807257,0.011154758467534776,0.5422316272315233,2.9289741760915273,0.05865908671333758,0.0024781129001852226,-0.013632871367719998
7,2.0,1.0,1.0,1,12,0.005,144,0.47090026554499687,0.012689690605311943,0.494900144936399,2.6848929947505664,0.05865908671333758,0.0020725060840142834,-0.014762196689326226
7,2.0,1.0,1.0,1,13,0.005,156,0.4915869288373038,0.014110617865841668,0.45523152189705746,2.4783627643851385,0.05865908671333758,0.0017594540755006133,-0.01587007194134228
7,2.0,1.0,1.0,1,14,0.005,168,0.5122846993644995,0.015444241113274415,0.4214974230134653,2.3013368526433426,0.05865908671333758,0.0015126701005584858,-0.0169569112138329
7,2.0,1.0,1.0,1,15,0.005,180,0.5326841366889328,0.016708544688851024,0.39245335239959456,2.1479143958004534,0.05865908671333758,0.0013146128842090182,-0.018023157573060042
7,2.0,1.0,1.0,1,16,0.005,192,0.5525959854623095,0.017916050345842593,0.36718061527322615,2.013669746062925,0.05865908671333758,0.0011532031253751185,-0.019069253471217712
7,2.0,1.0,1.0,1,17,0.005,204,0.5719060233886497,0.019075732011860247,0.3449862675722539,1.8952185845298117,0.05865908671333758,0.0010198968975392575,-0.020095628909399504
7,2.0,1.0,1.0,1,18,0.005,216,0.5905480477796332,0.02019418779361326,0.32533774873503785,1.7899286631670444,0.05865908671333758,0.0009085096033449314,-0.021102697396958192
7,2.0,1.0,1.0,1,19,0.005,228,0.6084871893616617,0.021276381999904836,0.3078189698775727,1.69572189142141,0.05865908671333758,0.0008144733142533972,-0.022090855314158234
7,2.0,1.0,1.0,1,20,0.005,240,0.6257093157291217,0.02232612891244018,0.292100079775602,1.6109357968503402,0.05865908671333758,0.0007343537792401794,-0.02306048269168036
7,2.0,1.0,1.0,1,21,0.005,252,0.6422141386617568,0.023346416398879133,0.2779161876736232,1.5342245684288949,0.05865908671333758,0.0006655281022385079,-0.02401194450111764
7,2.0,1.0,1.0,1,22,0.005,264,0.6580106369689216,0.02433962736831069,0.2650520939759653,1.4644870880457637,0.05865908671333758,0.0006059646802684254,-0.024945592048579115
7,2.0,1.0,1.0,1,23,0.005,276,0.6731139627327524,0.025307694420595883,0.2533311386038118,1.4008137363916,0.05865908671333758,0.0005540698760785889,-0.025861764296674472
7,2.0,1.0,1.0,1,24,0.005,288,0.6875433187974219,0.026252209825162187,0.2426069268709404,1.3424464973752832,0.05865908671333758,0.0005085792244218512,-0.02676078904958404
7,2.0,1.0,1.0,1,25,0.005,300,0.701320484669101,0.027174505027691864,0.23275710189422746,1.288748637480272,0.05865908671333758,0.00046847895868445955,-0.027642983986376324
7,2.0,1.0,1.0,1,26,0.005,312,0.71446878288622,0.028075708991596893,0.22367859595713427,1.2391813821925692,0.05865908671333758,0.000432948558017357,-0.02850865754961425
7,2.0,1.0,1.0,1,27,0.005,324,0.7270123492763524,0.02895679159562997,0.21528396633032582,1.1932857754446962,0.05865908671333758,0.00040131810945386037,-0.029358109705083832
7,2.0,1.0,1.0,1,28,0.005,336,0.7389756157746696,0.029818596321226243,0.2074985369464903,1.1506684263216713,0.05865908671333758,0.0003730362692193345,-0.030191632590445577
7,2.0,1.0,1.0,1,29,0.005,348,0.750382943742445,0.030661865157843193,0.2002581462720668,1.1109902047243723,0.05865908671333758,0.00034764591203299833,-0.03100951106987619
7,2.0,1.0,1.0,1,30,0.005,360,0.7612583649817557,0.03148725778215966,0.19350735635389055,1.0739571979002267,0.05865908671333758,0.0003247654278228651,-0.031812023209982526
7,2.0,1.0,1.0,1,1,0.02,12,0.942778330967918,0.6864184201907508,1.9998021128191714,32.2187159370068,0.05865908671333758,-0.7123027075769501,0.0258842873861993
7,2.0,1.0,1.0,1,2,0.02,24,0.9909476995826638,0.41844273447585423,1.9967425849593994,16.1093579685034,0.05865908671333758,0.4585983836542347,-0.04015564917838049
7,2.0,1.0,1.0,1,3,0.02,36,0.9349547199576407,0.027959996666693743,1.9944704923739993,10.739571979002266,0.05865908671333758,0.047435476002116575,-0.019475479335422832
7,2.0,1.0,1.0,1,4,0.02,48,0.7912188324529166,0.002847797488477466,1.6187562295936624,8.0546789842517,0.05865908671333758,0.022740670262630186,-0.01989287277415272
7,2.0,1.0,1.0,1,5,0.02,60,0.7488266804086006,0.009845089538679075,1.2764891250327635,6.443743187401361,0.05865908671333758,0.013435565634424301,-0.023280655173103376
7,2.0,1.0,1.0,1,6,0.02,72,0.7562589402694947,0.01792625566939804,1.0435653691706537,5.369785989501133,0.05865908671333758,0.008931260381450465,-0.026857516050848504
7,2.0,1.0,1.0,1,7,0.02,84,0.7802141263781524,0.023897121224240536,0.8807336989928678,4.602673705286685,0.05865908671333758,0.00639098630611859,-0.030288107530359126
7,2.0,1.0,1.0,1,8,0.02,96,0.8077796977978512,0.02869188147341112,0.7616130550757989,4.02733949212585,0.05865908671333758,0.00481009491426615,-0.03350197638767727
7,2.0,1.0,1.0,1,9,0.02,108,0.8341888137185473,0.03273252836946122,0.6709499835939714,3.5798573263340887,0.05865908671333758,0.003756265162370348,-0.03648879353183157
7,2.0,1.0,1.0,1,10,0.02,120,0.8578254447892489,0.03623815694258242,0.5996968431621342,3.2218715937006803,0.05865908671333758,0.003017170949629444,-0.039255327892211866
7,2.0,1.0,1.0,1,11,0.02,132,0.8783246392863029,0.0393353537548386,0.5422316272315233,2.9289741760915273,0.05865908671333758,0.0024781129001852226,-0.04181346665502382
7,2.0,1.0,1.0,1,12,0.02,144,0.8958167907366529,0.04210383286152558,0.494900144936399,2.6848929947505664,0.05865908671333758,0.0020725060840142834,-0.044176338945539864
7,2.0,1.0,1.0,1,13,0.02,156,0.9106127078748774,0.04459750465834589,0.45523152189705746,2.4783627643851385,0.05865908671333758,0.0017594540755006133,-0.0463569587338465
7,2.0,1.0,1.0,1,14,0.02,168,0.923068922282053,0.046855074534847274,0.4214974230134653,2.3013368526433426,0.05865908671333758,0.0015126701005584858,-0.04836774463540576
7,2.0,1.0,1.0,1,15,0.02,180,0.9335306520895871,0.048905755252170335,0.39245335239959456,2.1479143958004534,0.05865908671333758,0.0013146128842090182,-0.050220368136379354
7,2.0,1.0,1.0,1,16,0.02,192,0.9423094774804052,0.05077252662342696,0.36718061527322615,2.013669746062925,0.05865908671333758,0.0011532031253751185,-0.05192572974880208
7,2.0,1.0,1.0,1,17,0.02,204,0.9496767821207468,0.05247408802679393,0.3449862675722539,1.8952185845298117,0.05865908671333758,0.0010198968975392575,-0.05349398492433319
7,2.0,1.0,1.0,1,18,0.02,216,0.9558642571924454,0.05402607831496842,0.32533774873503785,1.7899286631670444,0.05865908671333758,0.0009085096033449314,-0.05493458791831335
7,2.0,1.0,1.0,1,19,0.02,228,0.9610673622190192,0.055441867080959495,0.3078189698775727,1.69572189142141,0.05865908671333758,0.0008144733142533972,-0.05625634039521289
7,2.0,1.0,1.0,1,20,0.02,240,0.9654497868619185,0.056733085562390984,0.292100079775602,1.6109357968503402,0.05865908671333758,0.0007343537792401794,-0.05746743934163116
7,2.0,1.0,1.0,1,21,0.02,252,0.9691479948717356,0.05790999408671543,0.2779161876736232,1.5342245684288949,0.05865908671333758,0.0006655281022385079,-0.05857552218895394
7,2.0,1.0,1.0,1,22,0.02,264,0.9722754415890609,0.05898174381096538,0.2650520939759653,1.4644870880457637,0.05865908671333758,0.0006059646802684254,-0.05958770849123381
7,2.0,1.0,1.0,1,23,0.02,276,0.9749263090368809,0.05995656824207929,0.2533311386038118,1.4008137363916,0.05865908671333758,0.0005540698760785889,-0.06051063811815788
7,2.0,1.0,1.0,1,24,0.02,288,0.977178726250518,0.0608419269442228,0.2426069268709404,1.3424464973752832,0.05865908671333758,0.0005085792244218512,-0.06135050616864465
7,2.0,1.0,1.0,1,25,0.02,300,0.9790975004254886,0.061644615933457936,0.23275710189422746,1.288748637480272,0.05865908671333758,0.00046847895868445955,-0.062113094892142395
7,2.0,1.0,1.0,1,26,0.02,312,0.9807364088135736,0.06237085435670525,0.22367859595713427,1.2391813821925692,0.05865908671333758,0.000432948558017357,-0.06280380291472261
7,2.0,1.0,1.0,1,27,0.02,324,0.9821401086357809,0.06302635393917799,0.21528396633032582,1.1932857754446962,0.05865908671333758,0.00040131810945386037,-0.06342767204863185
7,2.0,1.0,1.0,1,28,0.02,336,0.9833457212794571,0.06361637566611406,0.2074985369464903,1.1506684263216713,0.05865908671333758,0.0003730362692193345,-0.06398941193533339
7,2.0,1.0,1.0,1,29,0.02,348,0.9843841422630084,0.06414577683024253,0.2002581462720668,1.1109902047243723,0.05865908671333758,0.00034764591203299833,-0.06449342274227553
7,2.0,1.0,1.0,1,30,0.02,360,0.9852811222636769,0.06461905067818985,0.19350735635389055,1.0739571979002267,0.05865908671333758,0.0003247654278228651,-0.06494381610601271
7,2.0,1.0,1.0,2,1,0.0,12,0.9895377756835456,0.6549659048345109,1.998643437622381,61.19441557105557,0.05865908671333758,0.6549659048345107,1.1102230246251565e-16
7,2.0,1.0,1.0,2,2,0.0,24,0.9923789813297262,0.028668401371220065,1.9998859595588034,15.298603892763893,0.05865908671333758,-0.028668401371220148,8.326672684688674e-17
7,2.0,1.0,1.0,2,3,0.0,36,0.47884914494177067,0.06282869129662183,1.758804116408366,6.799379507895061,0.05865908671333758,-0.06282869129662144,-3.885780586188048e-16
7,2.0,1.0,1.0,2,4,0.0,48,0.18644127896336782,0.03640484585417508,1.0170623732740116,3.8246509731909732,0.05865908671333758,-0.036404845854175666,5.828670879282072e-16
7,2.0,1.0,1.0,2,5,0.0,60,0.07890070450600362,0.023378762749086845,0.6363837645358518,2.4477766228422233,0.05865908671333758,-0.02337876274908686,1.3877787807814457e-17
7,2.0,1.0,1.0,2,6,0.0,72,0.038102243185896834,0.016235169074669653,0.43403211273673586,1.6998448769737653,0.05865908671333758,-0.0162351690746695,-1.5265566588595902e-16
7,2.0,1.0,1.0,2,7,0.0,84,0.020478789652211837,0.011921535266096572,0.31493546721463,1.248865623899093,0.05865908671333758,-0.011921535266097114,5.412337245047638e-16
7,2.0,1.0,1.0,2,8,0.0,96,0.011947907096467203,0.009122516526401114,0.2390485068188646,0.9561627432977433,0.05865908671333758,-0.009122516526400754,-3.608224830031759e-16
7,2.0,1.0,1.0,2,9,0.0,108,0.007428739684046892,0.007204663012012225,0.18771842322568336,0.7554866119883402,0.05865908671333758,-0.007204663012012849,6.245004513516506e-16
7,2.0,1.0,1.0,2,10,0.0,120,0.004857860669913894,0.005833664039534392,0.15136688316014518,0.6119441557105558,0.05865908671333758,-0.005833664039535197,8.049116928532385e-16
7,2.0,1.0,1.0,2,11,0.0,132,0.0033091477987972073,0.0048198192421388675,0.1246721838507795,0.5057389716616163,0.05865908671333758,-0.004819819242139409,5.412337245047638e-16
7,2.0,1.0,1.0,2,12,0.0,144,0.0023314665914718757,0.004049052036664946,0.10448550278740193,0.4249612192434413,0.05865908671333758,-0.00404905203666274,-2.2065682614424986e-15
7,2.0,1.0,1.0,2,13,0.0,156,0.0016897571352018081,0.0034494367328312125,0.08884629551154734,0.3620971335565419,0.05865908671333758,-0.003449436732831254,4.163336342344337e-17
7,2.0,1.0,1.0,2,14,0.0,168,0.0012544877998819093,0.002973806975376192,0.07648157392755227,0.31221640597477324,0.05865908671333758,-0.002973806975375054,-1.1379786002407855e-15
7,2.0,1.0,1.0,2,15,0.0,180,0.0009508281045549349,0.002590191658994989,0.06653526327380664,0.27197518031580253,0.05865908671333758,-0.0025901916589951834,1.942890293094024e-16
7,2.0,1.0,1.0,2,16,0.0,192,0.0007337709105719181,0.0022762981711467734,0.0584142625914978,0.23904068582443583,0.05865908671333758,-0.0022762981711459684,-8.049116928532385e-16
7,2.0,1.0,1.0,2,17,0.0,204,0.0005752885799279461,0.002016198147994197,0.05169701908528213,0.2117453825988082,0.05865908671333758,-0.00201619814799317,-1.0269562977782698e-15
7,2.0,1.0,1.0,2,18,0.0,216,0.00045739017310197916,0.001798265416401823,0.0460771818223312,0.18887165299708505,0.05865908671333758,-0.0017982654164028639,1.0408340855860843e-15
7,2.0,1.0,1.0,2,19,0.0,228,0.00036821544942688966,0.001613853292810663,0.04132774353205874,0.16951361654032013,0.05865908671333758,-0.0016138532928094695,-1.1934897514720433e-15
7,2.0,1.0,1.0,2,20,0.0,240,0.00029975893695832756,0.001456423106562299,0.03727757201454303,0.15298603892763896,0.05865908671333758,-0.0014564231065632982,9.992007221626409e-16
7,2.0,1.0,1.0,2,21,0.0,252,0.00024650203519149816,0.0013209562377083928,0.03379566591718754,0.13876284709989922,0.05865908671333758,-0.0013209562377099054,1.5126788710517758e-15
7,2.0,1.0,1.0,2,22,0.0,264,0.00020456784864242294,0.0012035489569303115,0.03078035798185155,0.12643474291540407,0.05865908671333758,-0.0012035489569261204,-4.191091917959966e-15
7,2.0,1.0,1.0,2,23,0.0,276,0.00017118590531284283,0.0011011278847656292,0.028151764199100354,0.1156794245199538,0.05865908671333758,-0.0011011278847622291,-3.400058012914542e-15
7,2.0,1.0,1.0,2,24,0.0,288,0.00014434548943031977,0.0010112467097850852,0.025846408865443562,0.10624030481086033,0.05865908671333758,-0.0010112467097836697,-1.4155343563970746e-15
7,2.0,1.0,1.0,2,25,0.0,300,0.00012256654169562342,0.0009319386870171864,0.023813336851733594,0.09791106491368894,0.05865908671333758,-0.0009319386870200452,2.858824288409778e-15
7,2.0,1.0,1.0,2,26,0.0,312,0.00010474544222782711,0.0008616080850714636,0.022011260406063427,0.09052428338913547,0.05865908671333758,-0.0008616080850708252,-6.38378239159465e-16
7,2.0,1.0,1.0,2,27,0.0,324,9.004943943935473e-05,0.0007989492565246281,0.020406437217798147,0.08394295688759336,0.05865908671333758,-0.0007989492565200623,-4.565792188770956e-15
7,2.0,1.0,1.0,2,28,0.0,336,7.784325386961388e-05,0.0007428855800439838,0.018971073000694717,0.07805410149369331,0.05865908671333758,-0.0007428855800467316,2.7478019859472624e-15
7,2.0,1.0,1.0,2,29,0.0,348,6.763732065218075e-05,0.0006925228874890554,0.017682105394758042,0.0727638710714097,0.05865908671333758,-0.0006925228874897632,7.077671781985373e-16
7,2.0,1.0,1.0,2,30,0.0,360,5.90508076268037e-05,0.0006471135773812864,0.016520268538372185,0.06799379507895063,0.05865908671333758,-0.0006471135773869902,5.703770789011742e-15
7,2.0,1.0,1.0,2,1,0.001,12,0.9895794028224822,0.6535393684764066,1.998643437622381,61.19441557105557,0.05865908671333758,0.6549659048345107,-0.0014265363581041912
7,2.0,1.0,1.0,2,2,0.001,24,0.9924130465958209,0.02830310630919136,1.9998859595588034,15.298603892763893,0.05865908671333758,-0.028668401371220148,0.0003652950620287865
7,2.0,1.0,1.0,2,3,0.001,36,0.49388782891821736,0.06293953294910554,1.758804116408366,6.799379507895061,0.05865908671333758,-0.06282869129662144,-0.00011084165248409494
7,2.0,1.0,1.0,2,4,0.001,48,0.21807539692046074,0.03697709687477552,1.0170623732740116,3.8246509731909732,0.05865908671333758,-0.036404845854175666,-0.000572251020599851
7,2.0,1.0,1.0,2,5,0.001,60,0.12366673442982812,0.02433255774380566,0.6363837645358518,2.4477766228422233,0.05865908671333758,-0.02337876274908686,-0.0009537949947188012
7,2.0,1.0,1.0,2,6,0.001,72,0.0939613111795845,0.017530498970694752,0.43403211273673586,1.6998448769737653,0.05865908671333758,-0.0162351690746695,-0.0012953298960252518
7,2.0,1.0,1.0,2,7,0.001,84,0.08648536661490602,0.01353595676270608,0.31493546721463,1.248865623899093,0.05865908671333758,-0.011921535266097114,-0.001614421496608967
7,2.0,1.0,1.0,2,8,0.001,96,0.08761070557230799,0.01104201089195872,0.2390485068188646,0.9561627432977433,0.05865908671333758,-0.009122516526400754,-0.0019194943655579666
7,2.0,1.0,1.0,2,9,0.001,108,0.09245208380590664,0.009419732774751333,0.18771842322568336,0.7554866119883402,0.05865908671333758,-0.007204663012012849,-0.0022150697627384835
7,2.0,1.0,1.0,2,10,0.001,120,0.0990379483181435,0.008337456793647446,0.15136688316014518,0.6119441557105558,0.05865908671333758,-0.005833664039535197,-0.0025037927541122496
7,2.0,1.0,1.0,2,11,0.001,132,0.10648909471373791,0.007607135356825612,0.1246721838507795,0.5057389716616163,0.05865908671333758,-0.004819819242139409,-0.002787316114686203
7,2.0,1.0,1.0,2,12,0.001,144,0.11438021042197455,0.007115779266582911,0.10448550278740193,0.4249612192434413,0.05865908671333758,-0.00404905203666274,-0.0030667272299201714
7,2.0,1.0,1.0,2,13,0.001,156,0.12249142650390565,0.006792208503509756,0.08884629551154734,0.3620971335565419,0.05865908671333758,-0.003449436732831254,-0.0033427717706785015
7,2.0,1.0,1.0,2,14,0.001,168,0.13070270899360392,0.006589785770044709,0.07648157392755227,0.31221640597477324,0.05865908671333758,-0.002973806975375054,-0.0036159787946696553
7,2.0,1.0,1.0,2,15,0.001,180,0.13894551358994223,0.006476926201532118,0.06653526327380664,0.27197518031580253,0.05865908671333758,-0.0025901916589951834,-0.003886734542536935
7,2.0,1.0,1.0,2,16,0.001,192,0.1471792249681242,0.006431626107564259,0.0584142625914978,0.23904068582443583,0.05865908671333758,-0.0022762981711459684,-0.0041553279364182905
7,2.0,1.0,1.0,2,17,0.001,204,0.15537904545046732,0.0064381778444349,0.05169701908528213,0.2117453825988082,0.05865908671333758,-0.00201619814799317,-0.00442197969644173
7,2.0,1.0,1.0,2,18,0.001,216,0.16352947647603588,0.006485126992663293,0.0460771818223312,0.18887165299708505,0.05865908671333758,-0.0017982654164028639,-0.004686861576260429
7,2.0,1.0,1.0,2,19,0.001,228,0.17162066722007663,0.006563962718143135,0.04132774353205874,0.16951361654032013,0.05865908671333758,-0.0016138532928094695,-0.004950109425333665
7,2.0,1.0,1.0,2,20,0.001,240,0.17964629632341556,0.00666825538139465,0.03727757201454303,0.15298603892763896,0.05865908671333758,-0.0014564231065632982,-0.005211832274831352
7,2.0,1.0,1.0,2,21,0.001,252,0.18760230436590575,0.006793075030678886,0.03379566591718754,0.13876284709989922,0.05865908671333758,-0.0013209562377099054,-0.00547211879296898
7,2.0,1.0,1.0,2,22,0.001,264,0.1954861142051737,0.006934590915267547,0.03078035798185155,0.12643474291540407,0.05865908671333758,-0.0012035489569261204,-0.005731041958341426
7,2.0,1.0,1.0,2,23,0.001,276,0.20329613941265579,0.007089790385331585,0.028151764199100354,0.1156794245199538,0.05865908671333758,-0.0011011278847622291,-0.0059886625005693556
7,2.0,1.0,1.0,2,24,0.001,288,0.21103146738049838,0.007256278181869635,0.025846408865443562,0.10624030481086033,0.05865908671333758,-0.0010112467097836697,-0.006245031472085966
7,2.0,1.0,1.0,2,25,0.001,300,0.2186916508785941,0.007432130883844479,0.023813336851733594,0.09791106491368894,0.05865908671333758,-0.0009319386870200452,-0.006500192196824434
7,2.0,1.0,1.0,2,26,0.001,312,0.22627656841486143,0.007615789850457133,0.022011260406063427,0.09052428338913547,0.05865908671333758,-0.0008616080850708252,-0.006754181765386308
7,2.0,1.0,1.0,2,27,0.001,324,0.23378632911427244,0.007805981451740773,0.020406437217798147,0.08394295688759336,0.05865908671333758,-0.0007989492565200623,-0.007007032195220711
7,2.0,1.0,1.0,2,28,0.001,336,0.24122120692531435,0.008001656920459621,0.018971073000694717,0.07805410149369331,0.05865908671333758,-0.0007428855800467316,-0.0072587713404128895
7,2.0,1.0,1.0,2,29,0.001,348,0.24858159446999983,0.008201946499432955,0.017682105394758042,0.0727638710714097,0.05865908671333758,-0.0006925228874897632,-0.007509423611943192
7,2.0,1.0,1.0,2,30,0.001,360,0.255867970252478,0.008406124130286241,0.016520268538372185,0.06799379507895063,0.05865908671333758,-0.0006471135773869902,-0.007759010552899251
7,2.0,1.0,1.0,2,1,0.005,12,0.9897412151798657,0.6478474955438209,1.998643437622381,61.19441557105557,0.05865908671333758,0.6549659048345107,-0.007118409290689742
7,2.0,1.0,1.0,2,2,0.005,24,0.9925418557508738,0.02688172990049026,1.9998859595588034,15.298603892763893,0.05865908671333758,-0.028668401371220148,0.0017866714707298892
7,2.0,1.0,1.0,2,3,0.005,36,0.5497086465669774,0.06337249877948148,1.758804116408366,6.799379507895061,0.05865908671333758,-0.06282869129662144,-0.000543807482860037
7,2.0,1.0,1.0,2,4,0.005,48,0.33251278482782043,0.03918992662664034,1.0170623732740116,3.8246509731909732,0.05865908671333758,-0.036404845854175666,-0.002785080772464671
7,2.0,1.0,1.0,2,5,0.005,60,0.28151394540268604,0.02798797790755919,0.6363837645358518,2.4477766228422233,0.05865908671333758,-0.02337876274908686,-0.004609215158472332
7,2.0,1.0,1.0,2,6,0.005,72,0.28601179712377234,0.022450621933353954,0.43403211273673586,1.6998448769737653,0.05865908671333758,-0.0162351690746695,-0.006215452858684453
7,2.0,1.0,1.0,2,7,0.005,84,0.30782009330200477,0.01961341376767517,0.31493546721463,1.248865623899093,0.05865908671333758,-0.011921535266097114,-0.007691878501578056
7,2.0,1.0,1.0,2,8,0.005,96,0.3351094851514672,0.01820346014548896,0.2390485068188646,0.9561627432977433,0.05865908671333758,-0.009122516526400754,-0.009080943619088205
7,2.0,1.0,1.0,2,9,0.005,108,0.3638058455072368,0.017610263839087426,0.18771842322568336,0.7554866119883402,0.05865908671333758,-0.007204663012012849,-0.010405600827074576
7,2.0,1.0,1.0,2,10,0.005,120,0.39235535294116697,0.017513087645370462,0.15136688316014518,0.6119441557105558,0.05865908671333758,-0.005833664039535197,-0.011679423605835265
7,2.0,1.0,1.0,2,11,0.005,132,0.4201256051946596,0.017730839904144147,0.1246721838507795,0.5057389716616163,0.05865908671333758,-0.004819819242139409,-0.012911020662004738
7,2.0,1.0,1.0,2,12,0.005,144,0.44685656119366124,0.018155220676893735,0.10448550278740193,0.4249612192434413,0.05865908671333758,-0.00404905203666274,-0.014106168640230995
7,2.0,1.0,1.0,2,13,0.005,156,0.47245105310902047,0.018718366616693072,0.08884629551154734,0.3620971335565419,0.05865908671333758,-0.003449436732831254,-0.015268929883861818
7,2.0,1.0,1.0,2,14,0.005,168,0.4968875053976862,0.019376084750263922,0.07648157392755227,0.31221640597477324,0.05865908671333758,-0.002973806975375054,-0.016402277774888868
7,2.0,1.0,1.0,2,15,0.005,180,0.5201808192692732,0.020098657382697283,0.06653526327380664,0.27197518031580253,0.05865908671333758,-0.0025901916589951834,-0.0175084657237021
7,2.0,1.0,1.0,2,16,0.005,192,0.5423637548397711,0.020865552912120777,0.0584142625914978,0.23904068582443583,0.05865908671333758,-0.0022762981711459684,-0.01858925474097481
7,2.0,1.0,1.0,2,17,0.005,204,0.5634776220324819,0.021662257273676655,0.05169701908528213,0.2117453825988082,0.05865908671333758,-0.00201619814799317,-0.019646059125683485
7,2.0,1.0,1.0,2,18,0.005,216,0.5835674394557914,0.022478308172703076,0.0460771818223312,0.18887165299708505,0.05865908671333758,-0.0017982654164028639,-0.020680042756300213
7,2.0,1.0,1.0,2,19,0.005,228,0.6026793418672987,0.023306037808885793,0.04132774353205874,0.16951361654032013,0.05865908671333758,-0.0016138532928094695,-0.021692184516076324
7,2.0,1.0,1.0,2,20,0.005,240,0.6208591662362788,0.024139746940550877,0.03727757201454303,0.15298603892763896,0.05865908671333758,-0.0014564231065632982,-0.02268332383398758
7,2.0,1.0,1.0,2,21,0.005,252,0.6381516774235916,0.02497514930657907,0.03379566591718754,0.13876284709989922,0.05865908671333758,-0.0013209562377099054,-0.023654193068869164
7,2.0,1.0,1.0,2,22,0.005,264,0.6546001513177248,0.025808989936862925,0.03078035798185155,0.12643474291540407,0.05865908671333758,-0.0012035489569261204,-0.024605440979936805
7,2.0,1.0,1.0,2,23,0.005,276,0.6702461626054673,0.026638777914960277,0.028151764199100354,0.1156794245199538,0.05865908671333758,-0.0011011278847622291,-0.025537650030198047
7,2.0,1.0,1.0,2,24,0.005,288,0.685129491882848,0.027462596051650634,0.025846408865443562,0.10624030481086033,0.05865908671333758,-0.0010112467097836697,-0.026451349341866964
7,2.0,1.0,1.0,2,25,0.005,300,0.6992881032192162,0.028278963220597253,0.023813336851733594,0.09791106491368894,0.05865908671333758,-0.0009319386870200452,-0.027347024533577208
7,2.0,1.0,1.0,2,26,0.005,312,0.7127581634924645,0.029086733371961604,0.022011260406063427,0.09052428338913547,0.05865908671333758,-0.0008616080850708252,-0.02822512528689078
7,2.0,1.0,1.0,2,27,0.005,324,0.725574086323749,0.029885020492109227,0.020406437217798147,0.08394295688759336,0.05865908671333758,-0.0007989492565200623,-0.029086071235589164
7,2.0,1.0,1.0,2,28,0.005,336,0.7377685901518443,0.030673142180457746,0.018971073000694717,0.07805410149369331,0.05865908671333758,-0.0007428855800467316,-0.029930256600411015
7,2.0,1.0,1.0,2,29,0.005,348,0.7493727639873377,0.03145057676146451,0.017682105394758042,0.0727638710714097,0.05865908671333758,-0.0006925228874897632,-0.030758053873974747
7,2.0,1.0,1.0,2,30,0.005,360,0.7604161368152599,0.032216930356145534,0.016520268538372185,0.06799379507895063,0.05865908671333758,-0.0006471135773869902,-0.031569816778758544
7,2.0,1.0,1.0,2,1,0.02,12,0.9902850930018267,0.6267063551692156,1.998643437622381,61.19441557105557,0.05865908671333758,0.6549659048345107,-0.02825954966529509
7,2.0,1.0,1.0,2,2,0.02,24,0.9929300020097668,0.02209773397211534,1.9998859595588034,15.298603892763893,0.05865908671333758,-0.028668401371220148,0.006570667399104807
7,2.0,1.0,1.0,2,3,0.02,36,0.7081685468809986,0.06484974808994304,1.758804116408366,6.799379507895061,0.05865908671333758,-0.06282869129662144,-0.002021056793321596
7,2.0,1.0,1.0,2,4,0.02,48,0.628574271099865,0.046477184021478546,1.0170623732740116,3.8246509731909732,0.05865908671333758,-0.036404845854175666,-0.01007233816730288
7,2.0,1.0,1.0,2,5,0.02,60,0.6545068849738057,0.03962620506065612,0.6363837645358518,2.4477766228422233,0.05865908671333758,-0.02337876274908686,-0.016247442311569257
7,2.0,1.0,1.0,2,6,0.02,72,0.7017567248409129,0.03759340766313629,0.43403211273673586,1.6998448769737653,0.05865908671333758,-0.0162351690746695,-0.02135823858846679
7,2.0,1.0,1.0,2,7,0.02,84,0.7478548064363083,0.03769451059267631,0.31493546721463,1.248865623899093,0.05865908671333758,-0.011921535266097114,-0.025772975326579198
7,2.0,1.0,1.0,2,8,0.02,96,0.7880224930617503,0.03879972831320061,0.2390485068188646,0.9561627432977433,0.05865908671333758,-0.009122516526400754,-0.029677211786799856
7,2.0,1.0,1.0,2,9,0.02,108,0.8218441418629249,0.040382362299589414,0.18771842322568336,0.7554866119883402,0.05865908671333758,-0.007204663012012849,-0.033177699287576565
7,2.0,1.0,1.0,2,10,0.02,120,0.849975938147904,0.042176381414395114,0.15136688316014518,0.6119441557105558,0.05865908671333758,-0.005833664039535197,-0.03634271737485992
7,2.0,1.0,1.0,2,11,0.02,132,0.8732720026091766,0.04403955035055174,0.1246721838507795,0.5057389716616163,0.05865908671333758,-0.004819819242139409,-0.03921973110841233
7,2.0,1.0,1.0,2,12,0.02,144,0.8925409773609431,0.04589301601816104,0.10448550278740193,0.4249612192434413,0.05865908671333758,-0.00404905203666274,-0.0418439639814983
7,2.0,1.0,1.0,2,13,0.02,156,0.9084844706516498,0.04769235960944962,0.08884629551154734,0.3620971335565419,0.05865908671333758,-0.003449436732831254,-0.044242922876618365
7,2.0,1.0,1.0,2,14,0.02,168,0.9216913098885287,0.04941276207852241,0.07648157392755227,0.31221640597477324,0.05865908671333758,-0.002973806975375054,-0.046438955103147356
7,2.0,1.0,1.0,2,15,0.02,180,0.9326485618816311,0.05104096995515578,0.06653526327380664,0.27197518031580253,0.05865908671333758,-0.0025901916589951834,-0.048450778296160596
7,2.0,1.0,1.0,2,16,0.02,192,0.9417564446577401,0.05257073988975919,0.0584142625914978,0.23904068582443583,0.05865908671333758,-0.0022762981711459684,-0.05029444171861322
7,2.0,1.0,1.0,2,17,0.02,204,0.9493428278694864,0.05400015493175253,0.05169701908528213,0.2117453825988082,0.05865908671333758,-0.00201619814799317,-0.05198395678375936
7,2.0,1.0,1.0,2,18,0.02,216,0.9556760047511924,0.05532999217779272,0.0460771818223312,0.18887165299708505,0.05865908671333758,-0.0017982654164028639,-0.053531726761389856
7,2.0,1.0,1.0,2,19,0.02,228,0.9609754894709008,0.05656270322860385,0.04132774353205874,0.16951361654032013,0.05865908671333758,-0.0016138532928094695,-0.05494884993579438
7,2.0,1.0,1.0,2,20,0.02,240,0.9654209689106845,0.057701763436602826,0.03727757201454303,0.15298603892763896,0.05865908671333758,-0.0014564231065632982,-0.05624534033003953
7,2.0,1.0,1.0,2,21,0.02,252,0.9691596509675302,0.058751249341976286,0.03379566591718754,0.13876284709989922,0.05865908671333758,-0.0013209562377099054,-0.05743029310426638
7,2.0,1.0,1.0,2,22,0.02,264,0.9723122652291466,0.05971556075083967,0.03078035798185155,0.12643474291540407,0.05865908671333758,-0.0012035489569261204,-0.05851201179391355
7,2.0,1.0,1.0,2,23,0.02,276,0.9749779499269189,0.060599236440910864,0.028151764199100354,0.1156794245199538,0.05865908671333758,-0.0011011278847622291,-0.059498108556148635
7,2.0,1.0,1.0,2,24,0.02,288,0.9772382267164493,0.061406831580461396,0.025846408865443562,0.10624030481086033,0.05865908671333758,-0.0010112467097836697,-0.060395584870677727
7,2.0,1.0,1.0,2,25,0.02,300,0.9791602320459959,0.0621428364590107,0.023813336851733594,0.09791106491368894,0.05865908671333758,-0.0009319386870200452,-0.06121089777199065
7,2.0,1.0,1.0,2,26,0.02,312,0.9807993442846867,0.06281162323307637,0.022011260406063427,0.09052428338913547,0.05865908671333758,-0.0008616080850708252,-0.06195001514800555
7,2.0,1.0,1.0,2,27,0.02,324,0.9822013204137353,0.06341741187021782,0.020406437217798147,0.08394295688759336,0.05865908671333758,-0.0007989492565200623,-0.06261846261369776
7,2.0,1.0,1.0,2,28,0.02,336,0.9834040348910833,0.06396424935376871,0.018971073000694717,0.07805410149369331,0.05865908671333758,-0.0007428855800467316,-0.06322136377372198
7,2.0,1.0,1.0,2,29,0.02,348,0.9844388958468719,0.06445599809500147,0.017682105394758042,0.0727638710714097,0.05865908671333758,-0.0006925228874897632,-0.0637634752075117
7,2.0,1.0,1.0,2,30,0.02,360,0.9853319995111921,0.06489633075155682,0.016520268538372185,0.06799379507895063,0.05865908671333758,-0.0006471135773869902,-0.06424921717416983
8,2.0,1.0,1.0,1,1,0.0,14,0.9555691268133121,0.7123027075770921,1.9995729808605773,38.070163865149034,0.058659086713479074,-0.7123027075770921,0.0
8,2.0,1.0,1.0,1,2,0.0,28,0.999100913013634,0.4585983836540929,1.9999130529513667,19.035081932574517,0.058659086713479074,0.4585983836540929,0.0
8,2.0,1.0,1.0,1,3,0.0,42,0.9285034305036163,0.04743547600197518,1.9997283544700113,12.690054621716344,0.058659086713479074,0.04743547600197536,-1.8041124150158794e-16
8,2.0,1.0,1.0,1,4,0.0,56,0.5894419143230342,0.02274067026248861,1.7616776733488322,9.517540966287259,0.058659086713479074,0.022740670262488265,3.469446951953614e-16
8,2.0,1.0,1.0,1,5,0.0,70,0.3624742072181375,0.013435565634282894,1.4127640315878807,7.614032773029808,0.058659086713479074,0.013435565634283171,-2.7755575615628914e-16
8,2.0,1.0,1.0,1,6,0.0,84,0.23836017827808154,0.008931260381309765,1.1588955674845176,6.345027310858172,0.058659086713479074,0.00893126038131032,-5.551115123125783e-16
8,2.0,1.0,1.0,1,7,0.0,98,0.16709079738636345,0.006390986305975906,0.9778154425235013,5.4385948378784335,0.058659086713479074,0.0063909863059751285,7.771561172376096e-16
8,2.0,1.0,1.0,1,8,0.0,112,0.12318543600140841,0.00481009491412538,0.8443887247538788,4.758770483143629,0.058659086713479074,0.004810094914124076,1.304512053934559e-15
8,2.0,1.0,1.0,1,9,0.0,126,0.0944332264658555,0.0037562651622281076,0.7426067102259281,4.230018207238781,0.058659086713479074,0.0037562651622274554,6.522560269672795e-16
8,2.0,1.0,1.0,1,10,0.0,140,0.07464570105071733,0.0030171709494881196,0.6626073085310937,3.807016386514904,0.058659086713479074,0.00301717094948898,-8.604228440844963e-16
8,2.0,1.0,1.0,1,11,0.0,154,0.06046981026168974,0.0024781129000430793,0.5981475591219418,3.4609239877408213,0.058659086713479074,0.0024781129000420662,1.0130785099704553e-15
8,2.0,1.0,1.0,1,12,0.0,168,0.049975608541296124,0.002072506083870891,0.545128870594354,3.172513655429086,0.058659086713479074,0.0020725060838707315,1.5959455978986625e-16
8,2.0,1.0,1.0,1,13,0.0,182,0.041993227406114775,0.0017594540753589419,0.5007644874304733,2.928474143473003,0.058659086713479074,0.0017594540753593027,-3.608224830031759e-16
8,2.0,1.0,1.0,1,14,0.0,196,0.03578169974398593,0.001512670100418008,0.46309930484518114,2.7192974189392167,0.058659086713479074,0.001512670100418674,-6.661338147750939e-16
8,2.0,1.0,1.0,1,15,0.0,210,0.030853858492914332,0.001314612884069373,0.4307235318524935,2.538010924343269,0.058659086713479074,0.0013146128840716906,-2.3175905639050143e-15
8,2.0,1.0,1.0,1,16,0.0,224,0.02687899592338505,0.001153203125234821,0.40259598600390933,2.3793852415718146,0.058659086713479074,0.0011532031252348418,-2.0816681711721685e-17
8,2.0,1.0,1.0,1,17,0.0,238,0.02362633079897347,0.001019896897401125,0.377931476843415,2.239421403832296,0.058659086713479074,0.0010198968974003686,7.563394355258879e-16
8,2.0,1.0,1.0,1,18,0.0,252,0.020930897654960035,0.0009085096032108789,0.3561269032431948,2.1150091036193905,0.058659086713479074,0.0009085096032118364,-9.575673587391975e-16
8,2.0,1.0,1.0,1,19,0.0,266,0.018672264784037718,0.0008144733141219954,0.3367114641904209,2.0036928350078433,0.058659086713479074,0.0008144733141225366,-5.412337245047638e-16
8,2.0,1.0,1.0,1,20,0.0,280,0.016760858940295886,0.0007343537791102486,0.3193123156098298,1.903508193257452,0.058659086713479074,0.0007343537791094784,7.7021722333370235e-16
8,2.0,1.0,1.0,1,21,0.0,294,0.0151289453825465,0.000665528102115294,0.30363037571356366,1.8128649459594774,0.058659086713479074,0.0006655281021147458,5.48172618408671e-16
8,2.0,1.0,1.0,1,22,0.0,308,0.01372453838116039,0.0006059646801516785,0.28942295317375644,1.7304619938704107,0.058659086713479074,0.0006059646801539476,-2.2690183065776637e-15
8,2.0,1.0,1.0,1,23,0.0,322,0.012507203475464523,0.0005540698759610233,0.27649105860537865,1.655224515876045,0.058659086713479074,0.0005540698759613563,-3.3306690738754696e-16
8,2.0,1.0,1.0,1,24,0.0,336,0.011445108924061809,0.0005085792243111412,0.2646699919355312,1.586256827714543,0.058659086713479074,0.0005085792243089277,2.213507155346406e-15
8,2.0,1.0,1.0,1,25,0.0,350,0.010512919096562157,0.00046847895857966143,0.25382226081108106,1.5228065546059615,0.058659086713479074,0.0004684789585807092,-1.0477729794899915e-15
8,2.0,1.0,1.0,1,26,0.0,364,0.00969026595800948,0.00043294855791287806,0.243832183852341,1.4642370717365014,0.058659086713479074,0.0004329485579148071,-1.9290125052862095e-15
8,2.0,1.0,1.0,1,27,0.0,378,0.008960624253810279,0.00040131810935518236,0.23460172923820374,1.4100060690795937,0.058659086713479074,0.0004013181093562371,-1.0547118733938987e-15
8,2.0,1.0,1.0,1,28,0.0,392,0.008310473007187014,0.00037303626912433413,0.22604727100722502,1.3596487094696084,0.058659086713479074,0.0003730362691291844,-4.850286838831153e-15
8,2.0,1.0,1.0,1,29,0.0,406,0.007728662979638701,0.00034764591194092614,0.2180970354105129,1.3127642712120355,0.058659086713479074,0.00034764591194215433,-1.2281842209915794e-15
8,2.0,1.0,1.0,1,30,0.0,420,0.007205934244581935,0.00032476542773807876,0.21068907195146355,1.2690054621716345,0.058659086713479074,0.00032476542773966777,-1.5890067039947553e-15
8,2.0,1.0,1.0,1,1,0.001,14,0.9559827550414564,0.7109960739789858,1.9995729808605773,38.070163865149034,0.058659086713479074,-0.7123027075770921,0.0013066335981063437
8,2.0,1.0,1.0,1,2,0.001,28,0.9989583271893991,0.45653245524893227,1.9999130529513667,19.035081932574517,0.058659086713479074,0.4585983836540929,-0.002065928405160622
8,2.0,1.0,1.0,1,3,0.001,42,0.9304019023867791,0.046383372667727525,1.9997283544700113,12.690054621716344,0.058659086713479074,0.04743547600197536,-0.0010521033342478364
8,2.0,1.0,1.0,1,4,0.001,56,0.6074280829576757,0.021644267487446696,1.7616776733488322,9.517540966287259,0.058659086713479074,0.022740670262488265,-0.001096402775041569
8,2.0,1.0,1.0,1,5,0.001,70,0.39788623461542194,0.01210455826246571,1.4127640315878807,7.614032773029808,0.058659086713479074,0.013435565634283171,-0.0013310073718174609
8,2.0,1.0,1.0,1,6,0.001,84,0.28912142133006313,0.007338786928517367,1.1588955674845176,6.345027310858172,0.058659086713479074,0.00893126038131032,-0.001592473452792953
8,2.0,1.0,1.0,1,7,0.001,98,0.23161405386904899,0.0045304027811058425,0.9778154425235013,5.4385948378784335,0.058659086713479074,0.0063909863059751285,-0.001860583524869286
8,2.0,1.0,1.0,1,8,0.001,112,0.20043032800327043,0.0026799666901917776,0.8443887247538788,4.758770483143629,0.058659086713479074,0.004810094914124076,-0.0021301282239322983
8,2.0,1.0,1.0,1,9,0.001,126,0.1836957758537766,0.0013568460033762733,0.7426067102259281,4.230018207238781,0.058659086713479074,0.0037562651622274554,-0.002399419158851182
8,2.0,1.0,1.0,1,10,0.001,140,0.17542053197647034,0.00034932018928108405,0.6626073085310937,3.807016386514904,0.058659086713479074,0.00301717094948898,-0.002667850760207896
8,2.0,1.0,1.0,1,11,0.001,154,0.17237247409504275,0.0004570896469865346,0.5981475591219418,3.4609239877408213,0.058659086713479074,0.0024781129000420662,-0.002935202547028601
8,2.0,1.0,1.0,1,12,0.001,168,0.1726984901579356,0.0011288969152242131,0.545128870594354,3.172513655429086,0.058659086713479074,0.0020725060838707315,-0.0032014029990949447
8,2.0,1.0,1.0,1,13,0.001,182,0.17527962300398248,0.0017069864488774497,0.5007644874304733,2.928474143473003,0.058659086713479074,0.0017594540753593027,-0.0034664405242367524
8,2.0,1.0,1.0,1,14,0.001,196,0.179409965826411,0.002217657299854174,0.46309930484518114,2.7192974189392167,0.058659086713479074,0.001512670100418674,-0.003730327400272848
8,2.0,1.0,1.0,1,15,0.001,210,0.184627349448219,0.0026784716417733653,0.4307235318524935,2.538010924343269,0.058659086713479074,0.0013146128840716906,-0.003993084525845056
8,2.0,1.0,1.0,1,16,0.001,224,0.19061945582279116,0.003101531746073742,0.40259598600390933,2.3793852415718146,0.058659086713479074,0.0011532031252348418,-0.004254734871308584
8,2.0,1.0,1.0,1,17,0.001,238,0.19716942024632156,0.0034954038290277364,0.377931476843415,2.239421403832296,0.058659086713479074,0.0010198968974003686,-0.004515300726428105
8,2.0,1.0,1.0,1,18,0.001,252,0.2041230832159756,0.003866293043090767,0.3561269032431948,2.1150091036193905,0.058659086713479074,0.0009085096032118364,-0.004774802646302603
8,2.0,1.0,1.0,1,19,0.001,266,0.2113686033805815,0.004218785845606636,0.3367114641904209,2.0036928350078433,0.058659086713479074,0.0008144733141225366,-0.005033259159729173
8,2.0,1.0,1.0,1,20,0.001,280,0.21882338542114377,0.004556333031713759,0.3193123156098298,1.903508193257452,0.058659086713479074,0.0007343537791094784,-0.005290686810823238
8,2.0,1.0,1.0,1,21,0.001,294,0.22642547612198083,0.004881572232085844,0.30363037571356366,1.8128649459594774,0.058659086713479074,0.0006655281021147458,-0.00554710033420059
8,2.0,1.0,1.0,1,22,0.001,308,0.23412776785009193,0.0051965481909616515,0.28942295317375644,1.7304619938704107,0.058659086713479074,0.0006059646801539476,-0.005802512871115599
8,2.0,1.0,1.0,1,23,0.001,322,0.24189401103306063,0.00550286630882784,0.27649105860537865,1.655224515876045,0.058659086713479074,0.0005540698759613563,-0.006056936184789197
8,2.0,1.0,1.0,1,24,0.001,336,0.24969601903486116,0.005801801633261931,0.2646699919355312,1.586256827714543,0.058659086713479074,0.0005085792243089277,-0.006310380857570859
8,2.0,1.0,1.0,1,25,0.001,350,0.25751167526445884,0.006094377505565733,0.25382226081108106,1.5228065546059615,0.058659086713479074,0.0004684789585807092,-0.006562856464146442
8,2.0,1.0,1.0,1,26,0.001,364,0.2653234901415863,0.006381423162437387,0.243832183852341,1.4642370717365014,0.058659086713479074,0.0004329485579148071,-0.006814371720352194
8,2.0,1.0,1.0,1,27,0.001,378,0.27311754137336286,0.006663616500249485,0.23460172923820374,1.4100060690795937,0.058659086713479074,0.0004013181093562371,-0.007064934609605722
8,2.0,1.0,1.0,1,28,0.001,392,0.2808826856094844,0.006941516220411496,0.22604727100722502,1.3596487094696084,0.058659086713479074,0.0003730362691291844,-0.007314552489540681
8,2.0,1.0,1.0,1,29,0.001,406,0.28860996497890634,0.007215586269789458,0.2180970354105129,1.3127642712120355,0.058659086713479074,0.00034764591194215433,-0.007563232181731612
8,2.0,1.0,1.0,1,30,0.001,420,0.2962921554174559,0.007486214619437319,0.21068907195146355,1.2690054621716345,0.058659086713479074,0.00032476542773966777,-0.007810980047176987
8,2.0,1.0,1.0,1,1,0.005,14,0.9575958947927045,0.7057826124589774,1.9995729808605773,38.070163865149034,0.058659086713479074,-0.7123027075770921,0.006520095118114688
8,2.0,1.0,1.0,1,2,0.005,28,0.9984322459517585,0.44833056456184717,1.9999130529513667,19.035081932574517,0.058659086713479074,0.4585983836540929,-0.010267819092245722
8,2.0,1.0,1.0,1,3,0.005,42,0.9374536217594752,0.04226021438694406,1.9997283544700113,12.690054621716344,0.058659086713479074,0.04743547600197536,-0.005175261615031304
8,2.0,1.0,1.0,1,4,0.005,56,0.6716068245007303,0.017370088050638173,1.7616776733488322,9.517540966287259,0.058659086713479074,0.022740670262488265,-0.005370582211850092
8,2.0,1.0,1.0,1,5,0.005,70,0.5204711360397172,0.006966996340247673,1.4127640315878807,7.614032773029808,0.058659086713479074,0.013435565634283171,-0.006468569294035498
8,2.0,1.0,1.0,1,6,0.005,84,0.4597581657136356,0.0012528496627945487,1.1588955674845176,6.345027310858172,0.058659086713479074,0.00893126038131032,-0.007678410718515771
8,2.0,1.0,1.0,1,7,0.005,98,0.4423337784335418,0.0025111152679622092,0.9778154425235013,5.4385948378784335,0.058659086713479074,0.0063909863059751285,-0.008902101573937338
8,2.0,1.0,1.0,1,8,0.005,112,0.4455856829768683,0.005304733125377985,0.8443887247538788,4.758770483143629,0.058659086713479074,0.004810094914124076,-0.01011482803950206
8,2.0,1.0,1.0,1,9,0.005,126,0.45907724880709677,0.0075526182162308705,0.7426067102259281,4.230018207238781,0.058659086713479074,0.0037562651622274554,-0.011308883378458326
8,2.0,1.0,1.0,1,10,0.005,140,0.47770255719152277,0.00946461071505466,0.6626073085310937,3.807016386514904,0.058659086713479074,0.00301717094948898,-0.01248178166454364
8,2.0,1.0,1.0,1,11,0.005,154,0.49880341175474063,0.0111547584676761,0.5981475591219418,3.4609239877408213,0.058659086713479074,0.0024781129000420662,-0.013632871367718166
8,2.0,1.0,1.0,1,12,0.005,168,0.5209234803760306,0.012689690605453434,0.545128870594354,3.172513655429086,0.058659086713479074,0.0020725060838707315,-0.014762196689324165
8,2.0,1.0,1.0,1,13,0.005,182,0.5432345945744272,0.014110617865985546,0.5007644874304733,2.928474143473003,0.058659086713479074,0.0017594540753593027,-0.01587007194134485
8,2.0,1.0,1.0,1,14,0.005,196,0.5652549319526794,0.015444241113424732,0.46309930484518114,2.7192974189392167,0.058659086713479074,0.001512670100418674,-0.016956911213843406
8,2.0,1.0,1.0,1,15,0.005,210,0.58670230789616,0.0167085446890125,0.4307235318524935,2.538010924343269,0.058659086713479074,0.0013146128840716906,-0.01802315757308419
8,2.0,1.0,1.0,1,16,0.005,224,0.6074138535981587,0.01791605034602272,0.40259598600390933,2.3793852415718146,0.058659086713479074,0.0011532031252348418,-0.019069253471257562
8,2.0,1.0,1.0,1,17,0.005,238,0.6273000913294553,0.019075732012061523,0.377931476843415,2.239421403832296,0.058659086713479074,0.0010198968974003686,-0.020095628909461892
8,2.0,1.0,1.0,1,18,0.005,252,0.6463176815943128,0.020194187793843292,0.3561269032431948,2.1150091036193905,0.058659086713479074,0.0009085096032118364,-0.02110269739705513
8,2.0,1.0,1.0,1,19,0.005,266,0.6644527273618307,0.021276382000164233,0.3367114641904209,2.0036928350078433,0.058659086713479074,0.0008144733141225366,-0.02209085531428677
8,2.0,1.0,1.0,1,20,0.005,280,0.6817102641718037,0.022326128912732716,0.3193123156098298,1.903508193257452,0.058659086713479074,0.0007343537791094784,-0.023060482691842195
8,2.0,1.0,1.0,1,21,0.005,294,0.698107490306836,0.023346416399204754,0.30363037571356366,1.8128649459594774,0.058659086713479074,0.0006655281021147458,-0.0240119445013195
8,2.0,1.0,1.0,1,22,0.005,308,0.7136693216037987,0.02433962736866934,0.28942295317375644,1.7304619938704107,0.058659086713479074,0.0006059646801539476,-0.024945592048823288
8,2.0,1.0,1.0,1,23,0.005,322,0.7284254267982071,0.025307694420987785,0.27649105860537865,1.655224515876045,0.058659086713479074,0.0005540698759613563,-0.02586176429694914
8,2.0,1.0,1.0,1,24,0.005,336,0.7424082263042827,0.026252209825587007,0.2646699919355312,1.586256827714543,0.058659086713479074,0.0005085792243089277,-0.026760789049895935
8,2.0,1.0,1.0,1,25,0.005,350,0.7556515299304719,0.027174505028148326,0.25382226081108106,1.5228065546059615,0.058659086713479074,0.0004684789585807092,-0.027642983986729035
8,2.0,1.0,1.0,1,26,0.005,364,0.7681896054268169,0.028075708992083774,0.243832183852341,1.4642370717365014,0.058659086713479074,0.0004329485579148071,-0.02850865754999858
8,2.0,1.0,1.0,1,27,0.005,378,0.780056541768943,0.02895679159614461,0.23460172923820374,1.4100060690795937,0.058659086713479074,0.0004013181093562371,-0.029358109705500846
8,2.0,1.0,1.0,1,28,0.005,392,0.791285816587986,0.029818596321767858,0.22604727100722502,1.3596487094696084,0.058659086713479074,0.0003730362691291844,-0.030191632590897043
8,2.0,1.0,1.0,1,29,0.005,406,0.8019100064746062,0.030661865158408734,0.2180970354105129,1.3127642712120355,0.058659086713479074,0.00034764591194215433,-0.03100951107035089
8,2.0,1.0,1.0,1,30,0.005,420,0.8119605981133236,0.031487257782749294,0.21068907195146355,1.2690054621716345,0.058659086713479074,0.00032476542773966777,-0.03181202321048896
8,2.0,1.0,1.0,1,1,0.02,14,0.9630929989608051,0.6864184201908929,1.9995729808605773,38.070163865149034,0.058659086713479074,-0.7123027075770921,0.02588428738619919
8,2.0,1.0,1.0,1,2,0.02,28,0.9969871741899456,0.41844273447571256,1.9999130529513667,19.035081932574517,0.058659086713479074,0.4585983836540929,-0.040155649178380326
8,2.0,1.0,1.0,1,3,0.02,42,0.9575501926984055,0.027959996666552696,1.9997283544700113,12.690054621716344,0.058659086713479074,0.04743547600197536,-0.019475479335422666
8,2.0,1.0,1.0,1,4,0.02,56,0.8298240954868563,0.0028477974883361415,1.7616776733488322,9.517540966287259,0.058659086713479074,0.022740670262488265,-0.019892872774152123
8,2.0,1.0,1.0,1,5,0.02,70,0.7922148505219759,0.009845089538820122,1.4127640315878807,7.614032773029808,0.058659086713479074,0.013435565634283171,-0.023280655173103293
8,2.0,1.0,1.0,1,6,0.02,84,0.8018698695070339,0.017926255669539475,1.1588955674845176,6.345027310858172,0.058659086713479074,0.00893126038131032,-0.026857516050849795
8,2.0,1.0,1.0,1,7,0.02,98,0.8258422795189677,0.023897121224382416,0.9778154425235013,5.4385948378784335,0.058659086713479074,0.0063909863059751285,-0.030288107530357544
8,2.0,1.0,1.0,1,8,0.02,112,0.8518585786272473,0.02869188147355272,0.8443887247538788,4.758770483143629,0.058659086713479074,0.004810094914124076,-0.033501976387676796
8,2.0,1.0,1.0,1,9,0.02,126,0.8757782440945788,0.03273252836960299,0.7426067102259281,4.230018207238781,0.058659086713479074,0.0037562651622274554,-0.036488793531830446
8,2.0,1.0,1.0,1,10,0.02,140,0.8964428682931859,0.0362381569427238,0.6626073085310937,3.807016386514904,0.058659086713479074,0.00301717094948898,-0.03925532789221278
8,2.0,1.0,1.0,1,11,0.02,154,0.9137922670312764,0.039335353754980255,0.5981475591219418,3.4609239877408213,0.058659086713479074,0.0024781129000420662,-0.04181346665502232
8,2.0,1.0,1.0,1,12,0.02,168,0.9281504398088665,0.042103832861666905,0.545128870594354,3.172513655429086,0.058659086713479074,0.0020725060838707315,-0.04417633894553764
8,2.0,1.0,1.0,1,13,0.02,182,0.9399456385347319,0.04459750465848899,0.5007644874304733,2.928474143473003,0.058659086713479074,0.0017594540753593027,-0.04635695873384829
8,2.0,1.0,1.0,1,14,0.02,196,0.9496007985990994,0.046855074534995704,0.46309930484518114,2.7192974189392167,0.058659086713479074,0.001512670100418674,-0.04836774463541438
8,2.0,1.0,1.0,1,15,0.02,210,0.9574938308299041,0.0489057552523272,0.4307235318524935,2.538010924343269,0.058659086713479074,0.0013146128840716906,-0.050220368136398894
8,2.0,1.0,1.0,1,16,0.02,224,0.9639471247645686,0.05077252662359454,0.40259598600390933,2.3793852415718146,0.058659086713479074,0.0011532031252348418,-0.051925729748829384
8,2.0,1.0,1.0,1,17,0.02,238,0.9692290373105076,0.05247408802697206,0.377931476843415,2.239421403832296,0.058659086713479074,0.0010198968974003686,-0.05349398492437243
8,2.0,1.0,1.0,1,18,0.02,252,0.9735598530383439,0.054026078315158425,0.3561269032431948,2.1150091036193905,0.058659086713479074,0.0009085096032118364,-0.05493458791837026
8,2.0,1.0,1.0,1,19,0.02,266,0.9771189200434994,0.05544186708115988,0.3367114641904209,2.0036928350078433,0.058659086713479074,0.0008144733141225366,-0.05625634039528242
8,2.0,1.0,1.0,1,20,0.02,280,0.980051558335928,0.05673308556259898,0.3193123156098298,1.903508193257452,0.058659086713479074,0.0007343537791094784,-0.057467439341708455
8,2.0,1.0,1.0,1,21,0.02,294,0.9824752022323178,0.05790999408692981,0.30363037571356366,1.8128649459594774,0.058659086713479074,0.0006655281021147458,-0.058575522189044556
8,2.0,1.0,1.0,1,22,0.02,308,0.9844846317586303,0.05898174381118392,0.28942295317375644,1.7304619938704107,0.058659086713479074,0.0006059646801539476,-0.05958770849133787
8,2.0,1.0,1.0,1,23,0.02,322,0.9861563208827018,0.05995656824230105,0.27649105860537865,1.655224515876045,0.058659086713479074,0.0005540698759613563,-0.060510638118262405
8,2.0,1.0,1.0,1,24,0.02,336,0.9875519987622008,0.060841926944445616,0.2646699919355312,1.586256827714543,0.058659086713479074,0.0005085792243089277,-0.061350506168754544
8,2.0,1.0,1.0,1,25,0.02,350,0.9887215395556597,0.06164461593368042,0.25382226081108106,1.5228065546059615,0.058659086713479074,0.0004684789585807092,-0.06211309489226113
8,2.0,1.0,1.0,1,26,0.02,364,0.9897052935771472,0.06237085435692651,0.243832183852341,1.4642370717365014,0.058659086713479074,0.0004329485579148071,-0.06280380291484132
8,2.0,1.0,1.0,1,27,0.02,378,0.9905359607659022,0.06302635393939704,0.23460172923820374,1.4100060690795937,0.058659086713479074,0.0004013181093562371,-0.06342767204875327
8,2.0,1.0,1.0,1,28,0.02,392,0.9912400928917436,0.06361637566633022,0.22604727100722502,1.3596487094696084,0.058659086713479074,0.0003730362691291844,-0.0639894119354594
8,2.0,1.0,1.0,1,29,0.02,406,0.9918392965457479,0.06414577683045486,0.2180970354105129,1.3127642712120355,0.058659086713479074,0.00034764591194215433,-0.064493422742397
8,2.0,1.0,1.0,1,30,0.02,420,0.9923511960075261,0.06461905067839846,0.21068907195146355,1.2690054621716345,0.058659086713479074,0.00032476542773966777,-0.06494381610613811
8,2.0,1.0,1.0,2,1,0.0,14,0.9999646543673507,0.6549659048343692,1.9993797218772709,71.78841217424524,0.058659086713479074,0.6549659048343692,0.0
8,2.0,1.0,1.0,2,2,0.0,28,0.997257231185623,0.028668401371361334,1.999840961312691,17.94710304356131,0.058659086713479074,-0.028668401371361434,1.0061396160665481e-16
8,2.0,1.0,1.0,2,3,0.0,42,0.5405080273174406,0.06282869129676139,1.902369672168876,7.976490241582802,0.058659086713479074,-0.0628286912967618,4.2327252813834093e-16
8,2.0,1.0,1.0,2,4,0.0,56,0.22131803471909506,0.03640484585431846,1.1671059188695294,4.486775760890327,0.058659086713479074,-0.036404845854318295,-1.6653345369377348e-16
8,2.0,1.0,1.0,2,5,0.0,70,0.09547210188982225,0.02337876274922778,0.7381595112882723,2.87153648696981,0.058659086713479074,-0.023378762749228357,5.759281940243e-16
8,2.0,1.0,1.0,2,6,0.0,84,0.04647102230040101,0.01623516907481503,0.5050645521188971,1.9941225603957005,0.058659086713479074,-0.016235169074815273,2.42861286636753e-16
8,2.0,1.0,1.0,2,7,0.0,98,0.02507174873584972,0.011921535266241005,0.36692405338031464,1.465069636209086,0.058659086713479074,-0.011921535266240568,-4.371503159461554e-16
8,2.0,1.0,1.0,2,8,0.0,112,0.014657682561631913,0.009122516526542383,0.27865928107230703,1.1216939402225818,0.058659086713479074,-0.009122516526542085,-2.983724378680108e-16
8,2.0,1.0,1.0,2,9,0.0,126,0.009124719973899076,0.007204663012152272,0.2188805742468168,0.8862766935092002,0.058659086713479074,-0.007204663012151148,-1.124100812432971e-15
8,2.0,1.0,1.0,2,10,0.0,140,0.0059715694019514265,0.0058336640396787695,0.17651827220901875,0.7178841217424525,0.058659086713479074,-0.005833664039678818,4.85722573273506e-17
8,2.0,1.0,1.0,2,11,0.0,154,0.004069945171136791,0.004819819242279692,0.14539855712923427,0.5932926625970681,0.058659086713479074,-0.004819819242279082,-6.106226635438361e-16
8,2.0,1.0,1.0,2,12,0.0,168,0.002868555733421263,0.004049052036807992,0.12186087507515508,0.4985306400989251,0.058659086713479074,-0.0040490520368072075,-7.840950111415168e-16
8,2.0,1.0,1.0,2,13,0.0,182,0.0020795855766118088,0.0034494367329739248,0.10362334677070958,0.42478350398961684,0.058659086713479074,-0.003449436732974126,2.0122792321330962e-16
8,2.0,1.0,1.0,2,14,0.0,196,0.0015442168427701741,0.0029738069755174054,0.08920326719222928,0.3662674090522715,0.058659086713479074,-0.0029738069755183907,9.853229343548264e-16
8,2.0,1.0,1.0,2,15,0.0,210,0.001170611935722654,0.002590191659132872,0.07760307206301843,0.31905960966331215,0.058659086713479074,-0.0025901916591335103,6.38378239159465e-16
8,2.0,1.0,1.0,2,16,0.0,224,0.0009034955172118053,0.0022762981712885974,0.06813142813663157,0.28042348505564546,0.058659086713479074,-0.0022762981712901517,1.5543122344752192e-15
8,2.0,1.0,1.0,2,17,0.0,238,0.0007084270691335437,0.0020161981481275834,0.06029686492741994,0.24840281029150602,0.058659086713479074,-0.002016198148128062,4.787836793695988e-16
8,2.0,1.0,1.0,2,18,0.0,252,0.0005632900236514082,0.001798265416531046,0.053742172304372345,0.22156917337730006,0.058659086713479074,-0.0017982654165336759,2.6298407895808396e-15
8,2.0,1.0,1.0,2,19,0.0,266,0.0004534995867838676,0.0016138532929394975,0.048202631174886997,0.19885986751868484,0.058659086713479074,-0.0016138532929402469,7.494005416219807e-16
8,2.0,1.0,1.0,2,20,0.0,280,0.00036920864977862955,0.0014564231066748132,0.04347866662990974,0.17947103043561313,0.058659086713479074,-0.0014564231066744246,-3.885780586188048e-16
8,2.0,1.0,1.0,2,21,0.0,294,0.0003036276053461906,0.0013209562378255699,0.03941749733581706,0.16278551513434292,0.058659086713479074,-0.0013209562378259307,3.608224830031759e-16
8,2.0,1.0,1.0,2,22,0.0,308,0.0002519858030559652,0.0012035489570343325,0.03590054912773676,0.14832316564926704,0.058659086713479074,-0.0012035489570350194,6.869504964868156e-16
8,2.0,1.0,1.0,2,23,0.0,322,0.00021087357316940114,0.0011011278848648207,0.03283465135784797,0.13570588312711765,0.058659086713479074,-0.0011011278848662848,1.4641066137244252e-15
8,2.0,1.0,1.0,2,24,0.0,336,0.00017781597744193078,0.0010112467098891617,0.0301457695329809,0.12463266002473128,0.058659086713479074,-0.0010112467098878294,-1.3322676295501878e-15
8,2.0,1.0,1.0,2,25,0.0,350,0.00015099105145444103,0.000931938687101723,0.027774471746364906,0.11486145947879241,0.058659086713479074,-0.0009319386871006682,-1.0547118733938987e-15
8,2.0,1.0,1.0,2,26,0.0,364,0.00012904010424952261,0.0008616080851666583,0.025672601311378163,0.10619587599740421,0.058659086713479074,-0.0008616080851674701,8.118505867571457e-16
8,2.0,1.0,1.0,2,27,0.0,378,0.00011093783338489427,0.0007989492565955089,0.02380080207586774,0.09847518816768892,0.058659086713479074,-0.0007989492565958073,2.983724378680108e-16
8,2.0,1.0,1.0,2,28,0.0,392,9.590201380538232e-05,0.0007428855801261333,0.022126655388702628,0.09156685226306788,0.058659086713479074,-0.0007428855801244402,-1.6930901125533637e-15
8,2.0,1.0,1.0,2,29,0.0,406,8.332980229242004e-05,0.0006925228875792541,0.02062326175457454,0.08536077547472679,0.058659086713479074,-0.0006925228875772488,-2.005340338229189e-15
8,2.0,1.0,1.0,2,30,0.0,420,7.275222149027982e-05,0.0006471135774568856,0.019268149815107043,0.07976490241582804,0.058659086713479074,-0.0006471135774554007,-1.4849232954361469e-15
8,2.0,1.0,1.0,2,1,0.001,14,0.9999277256520773,0.653539368476265,1.9993797218772709,71.78841217424524,0.058659086713479074,0.6549659048343692,-0.0014265363581041912
8,2.0,1.0,1.0,2,2,0.001,28,0.997254362391856,0.02830310630933302,1.999840961312691,17.94710304356131,0.058659086713479074,-0.028668401371361434,0.00036529506202841525
8,2.0,1.0,1.0,2,3,0.001,42,0.5558973929030553,0.06293953294924493,1.902369672168876,7.976490241582802,0.058659086713479074,-0.0628286912967618,-0.00011084165248311656
8,2.0,1.0,1.0,2,4,0.001,56,0.25650054603406125,0.03697709687491745,1.1671059188695294,4.486775760890327,0.058659086713479074,-0.036404845854318295,-0.0005722510205991571
8,2.0,1.0,1.0,2,5,0.001,70,0.1465479789259132,0.024332557743947207,0.7381595112882723,2.87153648696981,0.058659086713479074,-0.023378762749228357,-0.0009537949947188498
8,2.0,1.0,1.0,2,6,0.001,84,0.11077107189416369,0.017530498970840573,0.5050645521188971,1.9941225603957005,0.058659086713479074,-0.016235169074815273,-0.0012953298960253004
8,2.0,1.0,1.0,2,7,0.001,98,0.10130728163371538,0.013535956762849126,0.36692405338031464,1.465069636209086,0.058659086713479074,-0.011921535266240568,-0.0016144214966085577
8,2.0,1.0,1.0,2,8,0.001,112,0.10215146384880613,0.0110420108920991,0.27865928107230703,1.1216939402225818,0.058659086713479074,-0.009122516526542085,-0.001919494365557016
8,2.0,1.0,1.0,2,9,0.001,126,0.10746913970899086,0.009419732774891602,0.2188805742468168,0.8862766935092002,0.058659086713479074,-0.007204663012151148,-0.002215069762740454
8,2.0,1.0,1.0,2,10,0.001,140,0.11488711676076868,0.008337456793791213,0.17651827220901875,0.7178841217424525,0.058659086713479074,-0.005833664039678818,-0.0025037927541123953
8,2.0,1.0,1.0,2,11,0.001,154,0.12334295780604654,0.0076071353569662145,0.14539855712923427,0.5932926625970681,0.058659086713479074,-0.004819819242279082,-0.002787316114687133
8,2.0,1.0,1.0,2,12,0.001,168,0.13232177502325437,0.007115779266727344,0.12186087507515508,0.4985306400989251,0.058659086713479074,-0.0040490520368072075,-0.0030667272299201367
8,2.0,1.0,1.0,2,13,0.001,182,0.1415572505586088,0.0067922085036554655,0.10362334677070958,0.42478350398961684,0.058659086713479074,-0.003449436732974126,-0.0033427717706813395
8,2.0,1.0,1.0,2,14,0.001,196,0.15090405896847392,0.00658978577019597,0.08920326719222928,0.3662674090522715,0.058659086713479074,-0.0029738069755183907,-0.0036159787946775795
8,2.0,1.0,1.0,2,15,0.001,210,0.16027933110483317,0.006476926201688098,0.07760307206301843,0.31905960966331215,0.058659086713479074,-0.0025901916591335103,-0.0038867345425545874
8,2.0,1.0,1.0,2,16,0.001,224,0.16963408787660417,0.006431626107735226,0.06813142813663157,0.28042348505564546,0.058659086713479074,-0.0022762981712901517,-0.004155327936445075
8,2.0,1.0,1.0,2,17,0.001,238,0.17893854415648602,0.006438177844609198,0.06029686492741994,0.24840281029150602,0.058659086713479074,-0.002016198148128062,-0.004421979696481136
8,2.0,1.0,1.0,2,18,0.001,252,0.1881741958054124,0.0064851269928491925,0.053742172304372345,0.22156917337730006,0.058659086713479074,-0.0017982654165336759,-0.004686861576315517
8,2.0,1.0,1.0,2,19,0.001,266,0.19732938650639298,0.006563962718344911,0.048202631174886997,0.19885986751868484,0.058659086713479074,-0.0016138532929402469,-0.004950109425404664
8,2.0,1.0,1.0,2,20,0.001,280,0.20639673604198328,0.006668255381597592,0.04347866662990974,0.17947103043561313,0.058659086713479074,-0.0014564231066744246,-0.005211832274923167
8,2.0,1.0,1.0,2,21,0.001,294,0.21537160169722414,0.006793075030903643,0.03941749733581706,0.16278551513434292,0.058659086713479074,-0.0013209562378259307,-0.005472118793077713
8,2.0,1.0,1.0,2,22,0.001,308,0.22425113212613468,0.006934590915499077,0.03590054912773676,0.14832316564926704,0.058659086713479074,-0.0012035489570350194,-0.005731041958464057
8,2.0,1.0,1.0,2,23,0.001,322,0.23303367105248274,0.007089790385577825,0.03283465135784797,0.13570588312711765,0.058659086713479074,-0.0011011278848662848,-0.0059886625007115404
8,2.0,1.0,1.0,2,24,0.001,336,0.2417183730298994,0.007256278182139579,0.0301457695329809,0.12463266002473128,0.058659086713479074,-0.0010112467098878294,-0.00624503147225175
8,2.0,1.0,1.0,2,25,0.001,350,0.25030495083416404,0.007432130884115588,0.027774471746364906,0.11486145947879241,0.058659086713479074,-0.0009319386871006682,-0.00650019219701492
8,2.0,1.0,1.0,2,26,0.001,364,0.2587935063399992,0.007615789850757719,0.025672601311378163,0.10619587599740421,0.058659086713479074,-0.0008616080851674701,-0.006754181765590249
8,2.0,1.0,1.0,2,27,0.001,378,0.267184415395462,0.007805981452038917,0.02380080207586774,0.09847518816768892,0.058659086713479074,-0.0007989492565958073,-0.0070070321954431095
8,2.0,1.0,1.0,2,28,0.001,392,0.27547824825646794,0.008001656920783688,0.022126655388702628,0.09156685226306788,0.058659086713479074,-0.0007428855801244402,-0.007258771340659248
8,2.0,1.0,1.0,2,29,0.001,406,0.2836757138267394,0.008201946499784445,0.02062326175457454,0.08536077547472679,0.058659086713479074,-0.0006925228875772488,-0.007509423612207196
8,2.0,1.0,1.0,2,30,0.001,420,0.2917776200812858,0.00840612413064095,0.019268149815107043,0.07976490241582804,0.058659086713479074,-0.0006471135774554007,-0.00775901055318555
8,2.0,1.0,1.0,2,1,0.005,14,0.9997836505714863,0.6478474955436794,1.9993797218772709,71.78841217424524,0.058659086713479074,0.6549659048343692,-0.007118409290689853
8,2.0,1.0,1.0,2,2,0.005,28,0.9972421001314956,0.02688172990063175,1.999840961312691,17.94710304356131,0.058659086713479074,-0.028668401371361434,0.0017866714707296845
8,2.0,1.0,1.0,2,3,0.005,42,0.6123484137582086,0.06337249877962137,1.902369672168876,7.976490241582802,0.058659086713479074,-0.0628286912967618,-0.0005438074828595582
8,2.0,1.0,1.0,2,4,0.005,56,0.38174641917608165,0.039189926626782605,1.1671059188695294,4.486775760890327,0.058659086713479074,-0.036404845854318295,-0.00278508077246431
8,2.0,1.0,1.0,2,5,0.005,70,0.32305689584580244,0.027987977907700128,0.7381595112882723,2.87153648696981,0.058659086713479074,-0.023378762749228357,-0.00460921515847177
8,2.0,1.0,1.0,2,6,0.005,84,0.3265918395852372,0.022450621933499608,0.5050645521188971,1.9941225603957005,0.058659086713479074,-0.016235169074815273,-0.006215452858684335
8,2.0,1.0,1.0,2,7,0.005,98,0.34991543828772564,0.019613413767818992,0.36692405338031464,1.465069636209086,0.058659086713479074,-0.011921535266240568,-0.007691878501578424
8,2.0,1.0,1.0,2,8,0.005,112,0.37943763476552284,0.018203460145629895,0.27865928107230703,1.1216939402225818,0.058659086713479074,-0.009122516526542085,-0.00908094361908781
8,2.0,1.0,1.0,2,9,0.005,126,0.41043829807718435,0.017610263839227085,0.2188805742468168,0.8862766935092002,0.058659086713479074,-0.007204663012151148,-0.010405600827075936
8,2.0,1.0,1.0,2,10,0.005,140,0.4411250585741433,0.01751308764551373,0.17651827220901875,0.7178841217424525,0.058659086713479074,-0.005833664039678818,-0.011679423605834911
8,2.0,1.0,1.0,2,11,0.005,154,0.4707809521462454,0.01773083990428464,0.14539855712923427,0.5932926625970681,0.058659086713479074,-0.004819819242279082,-0.012911020662005557
8,2.0,1.0,1.0,2,12,0.005,168,0.499123104024527,0.018155220677040167,0.12186087507515508,0.4985306400989251,0.058659086713479074,-0.0040490520368072075,-0.01410616864023296
8,2.0,1.0,1.0,2,13,0.005,182,0.5260573703379459,0.01871836661684933,0.10362334677070958,0.42478350398961684,0.058659086713479074,-0.003449436732974126,-0.015268929883875203
8,2.0,1.0,1.0,2,14,0.005,196,0.5515761432338393,0.01937608475043661,0.08920326719222928,0.3662674090522715,0.058659086713479074,-0.0029738069755183907,-0.01640227777491822
8,2.0,1.0,1.0,2,15,0.005,210,0.5757126680040636,0.020098657382892786,0.07760307206301843,0.31905960966331215,0.058659086713479074,-0.0025901916591335103,-0.017508465723759276
8,2.0,1.0,1.0,2,16,0.005,224,0.5985194033909462,0.020865552912350753,0.06813142813663157,0.28042348505564546,0.058659086713479074,-0.0022762981712901517,-0.0185892547410606
8,2.0,1.0,1.0,2,17,0.005,238,0.6200572843162634,0.021662257273935108,0.06029686492741994,0.24840281029150602,0.058659086713479074,-0.002016198148128062,-0.019646059125807046
8,2.0,1.0,1.0,2,18,0.005,252,0.6403902042032678,0.022478308172998,0.053742172304372345,0.22156917337730006,0.058659086713479074,-0.0017982654165336759,-0.020680042756464324
8,2.0,1.0,1.0,2,19,0.005,266,0.6595821146090558,0.02330603780922174,0.048202631174886997,0.19885986751868484,0.058659086713479074,-0.0016138532929402469,-0.021692184516281493
8,2.0,1.0,1.0,2,20,0.005,280,0.6776954898697884,0.024139746940914968,0.04347866662990974,0.17947103043561313,0.058659086713479074,-0.0014564231066744246,-0.022683323834240543
8,2.0,1.0,1.0,2,21,0.005,294,0.6947905274275673,0.024975149306987014,0.03941749733581706,0.16278551513434292,0.058659086713479074,-0.0013209562378259307,-0.023654193069161084
8,2.0,1.0,1.0,2,22,0.005,308,0.7109247553336355,0.02580898993730201,0.03590054912773676,0.14832316564926704,0.058659086713479074,-0.0012035489570350194,-0.024605440980266992
8,2.0,1.0,1.0,2,23,0.005,322,0.726152869641703,0.026638777915433502,0.03283465135784797,0.13570588312711765,0.058659086713479074,-0.0011011278848662848,-0.025537650030567217
8,2.0,1.0,1.0,2,24,0.005,336,0.7405267031791065,0.02746259605216516,0.0301457695329809,0.12463266002473128,0.058659086713479074,-0.0010112467098878294,-0.02645134934227733
8,2.0,1.0,1.0,2,25,0.005,350,0.7540952695531362,0.028278963221133706,0.027774471746364906,0.11486145947879241,0.058659086713479074,-0.0009319386871006682,-0.027347024534033038
8,2.0,1.0,1.0,2,26,0.005,364,0.7669048496953792,0.029086733372537747,0.025672601311378163,0.10619587599740421,0.058659086713479074,-0.0008616080851674701,-0.028225125287370277
8,2.0,1.0,1.0,2,27,0.005,378,0.7789991015604673,0.029885020492698137,0.02380080207586774,0.09847518816768892,0.058659086713479074,-0.0007989492565958073,-0.02908607123610233
8,2.0,1.0,1.0,2,28,0.005,392,0.7904191813312048,0.03067314218108013,0.022126655388702628,0.09156685226306788,0.058659086713479074,-0.0007428855801244402,-0.02993025660095569
8,2.0,1.0,1.0,2,29,0.005,406,0.8012038690685597,0.03145057676211704,0.02062326175457454,0.08536077547472679,0.058659086713479074,-0.0006925228875772488,-0.03075805387453979
8,2.0,1.0,1.0,2,30,0.005,420,0.8113896945170463,0.03221693035681127,0.019268149815107043,0.07976490241582804,0.058659086713479074,-0.0006471135774554007,-0.03156981677935587
8,2.0,1.0,1.0,2,1,0.02,14,0.9992920000301453,0.6267063551690742,1.9993797218772709,71.78841217424524,0.058659086713479074,0.6549659048343692,-0.02825954966529498
8,2.0,1.0,1.0,2,2,0.02,28,0.997188155467406,0.022097733972256887,1.999840961312691,17.94710304356131,0.058659086713479074,-0.028668401371361434,0.006570667399104547
8,2.0,1.0,1.0,2,3,0.02,42,0.7659014237981842,0.06484974809008309,1.902369672168876,7.976490241582802,0.058659086713479074,-0.0628286912967618,-0.002021056793321284
8,2.0,1.0,1.0,2,4,0.02,56,0.6878051294135492,0.04647718402162026,1.1671059188695294,4.486775760890327,0.058659086713479074,-0.036404845854318295,-0.010072338167301964
8,2.0,1.0,1.0,2,5,0.02,70,0.7118864264391019,0.03962620506079783,0.7381595112882723,2.87153648696981,0.058659086713479074,-0.023378762749228357,-0.016247442311569472
8,2.0,1.0,1.0,2,6,0.02,84,0.7568903925339917,0.03759340766328045,0.5050645521188971,1.9941225603957005,0.058659086713479074,-0.016235169074815273,-0.021358238588465174
8,2.0,1.0,1.0,2,7,0.02,98,0.7999958552416208,0.03769451059281891,0.36692405338031464,1.465069636209086,0.058659086713479074,-0.011921535266240568,-0.025772975326578344
8,2.0,1.0,1.0,2,8,0.02,112,0.8365993882676079,0.03879972831334177,0.27865928107230703,1.1216939402225818,0.058659086713479074,-0.009122516526542085,-0.029677211786799683
8,2.0,1.0,1.0,2,9,0.02,126,0.8665692120511539,0.04038236229972957,0.2188805742468168,0.8862766935092002,0.058659086713479074,-0.007204663012151148,-0.033177699287578424
8,2.0,1.0,1.0,2,10,0.02,140,0.8907950618246289,0.04217638141453794,0.17651827220901875,0.7178841217424525,0.058659086713479074,-0.005833664039678818,-0.03634271737485912
8,2.0,1.0,1.0,2,11,0.02,154,0.9102927908591422,0.044039550350693284,0.14539855712923427,0.5932926625970681,0.058659086713479074,-0.004819819242279082,-0.0392197311084142
8,2.0,1.0,1.0,2,12,0.02,168,0.9259725549267258,0.045893016018307135,0.12186087507515508,0.4985306400989251,0.058659086713479074,-0.0040490520368072075,-0.04184396398149993
8,2.0,1.0,1.0,2,13,0.02,182,0.9385930540689807,0.04769235960960438,0.10362334677070958,0.42478350398961684,0.058659086713479074,-0.003449436732974126,-0.04424292287663025
8,2.0,1.0,1.0,2,14,0.02,196,0.9487692213341056,0.04941276207868927,0.08920326719222928,0.3662674090522715,0.058659086713479074,-0.0029738069755183907,-0.04643895510317088
8,2.0,1.0,1.0,2,15,0.02,210,0.9569934419267093,0.05104096995533635,0.07760307206301843,0.31905960966331215,0.058659086713479074,-0.0025901916591335103,-0.04845077829620284
8,2.0,1.0,1.0,2,16,0.02,224,0.9636578678931915,0.05257073988995708,0.06813142813663157,0.28042348505564546,0.058659086713479074,-0.0022762981712901517,-0.05029444171866693
8,2.0,1.0,1.0,2,17,0.02,238,0.9690741603546413,0.05400015493196141,0.06029686492741994,0.24840281029150602,0.058659086713479074,-0.002016198148128062,-0.05198395678383335
8,2.0,1.0,1.0,2,18,0.02,252,0.9734899011612399,0.055329992178015756,0.053742172304372345,0.22156917337730006,0.058659086713479074,-0.0017982654165336759,-0.05353172676148208
8,2.0,1.0,1.0,2,19,0.02,266,0.9771018659159207,0.05656270322883749,0.048202631174886997,0.19885986751868484,0.058659086713479074,-0.0016138532929402469,-0.05494884993589724
8,2.0,1.0,1.0,2,20,0.02,280,0.9800666166142487,0.05770176343683974,0.04347866662990974,0.17947103043561313,0.058659086713479074,-0.0014564231066744246,-0.05624534033016532
8,2.0,1.0,1.0,2,21,0.02,294,0.9825088987685583,0.05875124934221842,0.03941749733581706,0.16278551513434292,0.058659086713479074,-0.0013209562378259307,-0.05743029310439249
8,2.0,1.0,1.0,2,22,0.02,308,0.9845282760478818,0.05971556075108297,0.03590054912773676,0.14832316564926704,0.058659086713479074,-0.0012035489570350194,-0.05851201179404795
8,2.0,1.0,1.0,2,23,0.02,322,0.9862043646730405,0.06059923644115394,0.03283465135784797,0.13570588312711765,0.058659086713479074,-0.0011011278848662848,-0.059498108556287656
8,2.0,1.0,1.0,2,24,0.02,336,0.9876009614333424,0.06140683158070708,0.0301457695329809,0.12463266002473128,0.058659086713479074,-0.0010112467098878294,-0.06039558487081925
8,2.0,1.0,1.0,2,25,0.02,350,0.9887692999877761,0.06214283645925,0.027774471746364906,0.11486145947879241,0.058659086713479074,-0.0009319386871006682,-0.06121089777214933
8,2.0,1.0,1.0,2,26,0.02,364,0.9897506212449417,0.06281162323331752,0.025672601311378163,0.10619587599740421,0.058659086713479074,-0.0008616080851674701,-0.06195001514815004
8,2.0,1.0,1.0,2,27,0.02,378,0.9905782042376301,0.06341741187045014,0.02380080207586774,0.09847518816768892,0.058659086713479074,-0.0007989492565958073,-0.06261846261385431
8,2.0,1.0,1.0,2,28,0.02,392,0.9912789725869671,0.06396424935399847,0.022126655388702628,0.09156685226306788,0.058659086713479074,-0.0007428855801244402,-0.06322136377387402
8,2.0,1.0,1.0,2,29,0.02,406,0.9918747669198124,0.06445599809522601,0.02062326175457454,0.08536077547472679,0.058659086713479074,-0.0006925228875772488,-0.06376347520764875
8,2.0,1.0,1.0,2,30,0.02,420,0.9923833541558271,0.0648963307517742,0.019268149815107043,0.07976490241582804,0.058659086713479074,-0.0006471135774554007,-0.06424921717431879
