n_qubits,order,metric,n_points,s_actual,s_model,s_expected,q_fit
2,1,infidelity,8,-0.283,-0.324,-0.333,2.087
2,1,local_err,8,-0.307,-0.332,-0.333,2.012
2,1,trace_dist,8,-0.456,-0.489,-0.5,1.044
2,2,infidelity,8,-0.191,-0.199,-0.2,4.022
2,2,local_err,8,-0.141,-0.367,-0.333,1.73
2,2,trace_dist,8,-0.312,-0.332,-0.333,2.011
4,1,infidelity,8,-0.268,-0.321,-0.333,2.115
4,1,local_err,8,-0.325,-0.331,-0.333,2.017
4,1,trace_dist,8,-0.424,-0.486,-0.5,1.057
4,2,infidelity,8,-0.202,-0.199,-0.2,4.021
4,2,local_err,8,-0.563,-0.333,-0.333,2.003
4,2,trace_dist,8,-0.294,-0.332,-0.333,2.01
5,1,infidelity,8,-0.262,-0.319,-0.333,2.137
5,1,local_err,8,-0.321,-0.331,-0.333,2.025
5,1,trace_dist,8,-0.405,-0.484,-0.5,1.069
5,2,infidelity,8,-0.202,-0.2,-0.2,4.013
5,2,local_err,8,-0.563,-0.333,-0.333,2.001
5,2,trace_dist,8,-0.279,-0.333,-0.333,2.007
