design,qpu_s,c1_z[22-23],c1_x[22-23],c1_z[142-143],zi[22-23],c0_x[22-23],log_p[22-23],info_gain_nats
c1 Z（反転を戻す）,16.4,0.0008932889737194211,0.0009711104515576989,0.0015838993568480552,0.0004693614250351923,0.0003811724763870834,0.5168901158147309,11.115072267569133
c1 Z、22-23 は k=1〜4（推奨）,18.4,0.0011992520771256835,0.0010058916854441032,0.0015839026481125932,0.00047117492983085797,0.0003818073870379405,0.5184560073751023,10.042744243666704
c1 Z＋X、22-23 は k=1〜4（推奨）,32.8,0.0011978780055902517,0.0007432337198586087,0.0010040132172358417,0.0004503428241506829,0.00037634192229926336,0.509753200420085,12.79067694805849
c1 Z（22-23 だけ、k=1〜4）,9.2,0.0011992694484792572,0.00100663703821851,0.06002646705473928,0.0004714203546148301,0.0003818261464347826,0.5186854143965661,3.20063532235352
c1 X,16.4,0.024895715268583116,0.00033811757188210946,0.05977689252152005,0.000432558362880317,0.00037136604608648856,0.5444867639048614,4.000108617894654
c1 Z＋X,30.799999999999997,0.000850230764380512,0.0003337264409852628,0.001004013167676384,0.0004296621792476202,0.00037107767526050337,0.5014402250118136,14.628505304174126
c1 Z＋X（22-23 だけ）,16.4,0.0008502971850249096,0.0003337546821675922,0.05999816824045416,0.0004304247813840003,0.00037115182302506304,0.5018394418970499,5.341741623259196
c1 Z＋X、k を 2〜24,45.199999999999996,0.0007078570019090222,0.0001501431388962673,0.0007915354281695574,0.00042401589876062996,0.00036992003685035305,0.49970824091031935,17.603576161831498
c0 の直接の測定（10/5 と同じ）,45.199999999999996,0.02497931391033634,0.0009956415209247933,0.05920383575912933,0.00044623040793066455,0.00027745336836667754,0.5646093689485101,1.972232984280538
c0＋c1 の直接の測定,74.0,0.0008457077568194643,0.00033278446149677805,0.0010034760253571694,0.00039977671684685755,0.0002730397054343261,0.5007628131028803,16.428541237303563
トロッター 1次 生（n=1〜14）,69.19999999999999,0.02494953766464823,0.0010005059712735183,0.05999765299547751,0.000471241478162661,0.0003815029046616816,0.5615677614364093,0.5427775068089886
トロッター 1次 ツイリング,69.19999999999999,0.015457213955078989,0.0010190569174797872,0.06003231929675044,0.0004719215672392595,0.00038182386973014727,0.5621399760846171,1.0115112882992747
トロッター 2次 生,69.19999999999999,0.024966053079950923,0.0010017539922698583,0.06000538009436137,0.00046745572621919435,0.0003815716052437698,0.56262035393056,0.633224035041053
c1 Z＋X を2回（別の時刻）,61.599999999999994,0.0007850705298198511,0.00024271892371307053,0.000711712014115504,0.0004255039603075309,0.0003703541241053978,0.5004186007863952,16.354975012623683
